Date,Code,Name,TradeVolume,TradeValue,OpeningPrice,HighestPrice,LowestPrice,ClosingPrice,Change,Transaction
1140626,0050,元大台灣50,79097206,3821783656,48.30,48.45,48.17,48.24,0.0600,46674
1140626,0051,元大中型100,83589,6238665,74.30,74.95,74.30,74.45,0.2000,271
1140626,0052,富邦科技,968266,181801250,187.45,188.35,187.00,187.55,0.4500,1040
1140626,0053,元大電子,19300,1979171,102.90,103.15,102.35,103.00,0.3000,137
1140626,0055,元大MSCI金融,150025,4351515,28.88,29.11,28.88,28.91,0.0500,378
1140626,0056,元大高股息,115693547,4015432072,34.63,34.86,34.62,34.65,0.0400,22299
1140626,0057,富邦摩台,20208,2882638,142.35,142.95,142.35,142.60,0.4000,121
1140626,0061,元大寶滬深,182097,3256070,17.88,17.94,17.80,17.81,-0.0100,207
1140626,006203,元大MSCI台灣,6502,577578,88.60,89.30,88.60,89.30,0.7000,93
1140626,006204,永豐臺灣加權,11982,1365285,113.95,114.00,113.95,114.00,0.4500,93
1140626,006205,富邦上証,1004262,30933840,30.93,30.93,30.72,30.77,0.0200,267
1140626,006206,元大上證50,58348,1739328,29.82,29.91,29.71,29.76,-0.0600,176
1140626,006207,復華滬深,729105,16959485,23.34,23.44,23.22,23.24,-0.0900,165
1140626,006208,富邦台50,15382320,1742707797,113.05,113.60,112.80,112.90,-0.0500,12352
1140626,00625K,富邦上証+R,,,,,,,0.0000,
1140626,00631L,元大台灣50正2,9554475,2045107651,214.05,215.70,212.35,212.70,-1.0500,6876
1140626,00632R,元大台灣50反1,76232131,1676803607,21.99,22.09,21.89,22.07,0.0400,11748
1140626,00633L,富邦上証正2,6851652,262828235,38.39,38.55,38.15,38.33,0.3700,1027
1140626,00634R,富邦上証反1,343519,1258150,3.70,3.70,3.66,3.66,-0.0500,52
1140626,00635U,期元大S&P黃金,925329,33757454,36.44,36.57,36.43,36.49,0.0700,725
1140626,00636,國泰中國A50,3015431,65437495,21.67,21.74,21.58,21.60,0.0300,362
1140626,00636K,國泰中國A50+U,200,1470,7.35,7.35,7.35,7.35,-0.0200,2
1140626,00637L,元大滬深300正2,45322286,691318933,15.30,15.35,15.17,15.23,0.1300,4101
1140626,00638R,元大滬深300反1,568144,4309636,7.69,7.69,7.56,7.56,-0.1300,126
1140626,00639,富邦深100,3134136,33457137,10.71,10.74,10.63,10.64,-0.0100,437
1140626,00640L,富邦日本正2,187179,9725458,51.85,52.15,51.80,52.15,0.6000,124
1140626,00641R,富邦日本反1,582138,3324244,5.71,5.72,5.70,5.71,-0.0200,57
1140626,00642U,期元大S&P石油,2958822,47310075,16.00,16.03,15.96,15.97,-0.0900,997
1140626,00643,群益深証中小,2363080,28530664,12.15,12.16,12.03,12.03,-0.0700,185
1140626,00643K,群益深証中小+R,,,,,,,0.0000,
1140626,00645,富邦日本,201950,7790819,38.49,38.67,38.47,38.67,0.1800,314
1140626,00646,元大S&P500,3496560,194437992,55.95,55.95,55.50,55.55,-0.5000,1898
1140626,00647L,元大S&P500正2,118921,10939726,92.40,92.40,91.90,92.05,-0.4500,96
1140626,00648R,元大S&P500反1,805005,3845706,4.78,4.79,4.77,4.78,0.0000,54
1140626,00650L,復華香港正2,12371955,187057140,15.27,15.27,15.03,15.07,-0.2200,1189
1140626,00651R,復華香港反1,176814,1005323,5.72,5.72,5.67,5.69,0.0100,47
1140626,00652,富邦印度,393665,14137336,35.97,36.00,35.84,35.90,-0.0500,277
1140626,00653L,富邦印度正2,360074,20644002,57.30,57.75,57.10,57.30,0.2500,126
1140626,00654R,富邦印度反1,1310180,8063047,6.22,6.22,6.14,6.18,-0.0400,90
1140626,00655L,國泰中國A50正2,2350462,62622343,26.69,26.78,26.50,26.67,0.3300,429
1140626,00656R,國泰中國A50反1,282111,1896638,6.76,6.76,6.70,6.70,-0.1100,58
1140626,00657,國泰日經225,73757,3393623,45.87,46.18,45.87,46.18,0.6600,119
1140626,00657K,國泰日經225+U,200,3180,15.90,15.90,15.90,15.90,0.4000,2
1140626,00660,元大歐洲50,195705,7503611,38.33,38.40,38.30,38.33,-0.3500,402
1140626,00661,元大日經225,356704,17892467,50.05,50.40,50.05,50.40,0.7200,297
1140626,00662,富邦NASDAQ,1830298,152741608,83.80,83.80,83.30,83.35,-0.6000,1550
1140626,00663L,國泰臺灣加權正2,6136934,171138542,27.97,28.13,27.70,27.73,-0.1600,1511
1140626,00664R,國泰臺灣加權反1,12271533,43549411,3.55,3.57,3.53,3.57,0.0200,641
1140626,00665L,富邦恒生國企正2,22672914,232802210,10.33,10.36,10.20,10.24,-0.1200,2063
1140626,00666R,富邦恒生國企反1,590050,5339743,9.07,9.10,9.02,9.04,-0.0300,44
1140626,00668,國泰美國道瓊,606766,27768440,46.03,46.03,45.71,45.79,-0.4800,152
1140626,00668K,國泰美國道瓊+U,200,3142,15.71,15.71,15.71,15.71,-0.0300,2
1140626,00669R,國泰美國道瓊反1,862301,5315140,6.17,6.19,6.15,6.16,-0.0100,137
1140626,00670L,富邦NASDAQ正2,1117213,147718089,132.15,132.50,132.00,132.30,0.5000,831
1140626,00671R,富邦NASDAQ反1,6282640,20329113,3.24,3.24,3.23,3.24,-0.0100,288
1140626,00673R,期元大S&P原油反1,22273909,149241242,6.72,6.72,6.68,6.69,-0.0100,968
1140626,00674R,期元大S&P黃金反1,1188150,8984509,7.58,7.58,7.54,7.55,-0.0400,120
1140626,00675L,富邦臺灣加權正2,5339464,454916614,85.15,85.85,84.40,84.55,-0.4500,2679
1140626,00676R,富邦臺灣加權反1,2276427,27422367,12.05,12.10,12.00,12.09,0.0300,861
1140626,00678,群益那斯達克生技,471604,11456253,24.61,24.61,24.13,24.16,-0.3600,154
1140626,00680L,元大美債20正2,27699766,197310825,7.13,7.14,7.11,7.13,0.0400,1657
1140626,00681R,元大美債20反1,119000,2472160,20.82,20.82,20.75,20.78,-0.0900,24
1140626,00682U,期元大美元指數,19949,395456,19.83,19.83,19.80,19.81,-0.1100,16
1140626,00683L,期元大美元指正2,241595,4846669,20.18,20.18,20.00,20.06,-0.2100,89
1140626,00684R,期元大美元指反1,183462,2921099,15.91,15.95,15.91,15.92,0.0600,41
1140626,00685L,群益臺灣加權正2,545333,41654678,76.50,76.90,75.75,75.85,-0.3500,383
1140626,00686R,群益臺灣加權反1,3800113,8221316,2.17,2.17,2.15,2.17,0.0100,202
1140626,00688L,國泰20年美債正2,10874540,77158389,7.09,7.11,7.08,7.09,0.0200,756
1140626,00689R,國泰20年美債反1,30090,638046,21.23,21.23,21.18,21.21,-0.1200,10
1140626,00690,兆豐藍籌30,983056,33605779,34.20,34.26,34.11,34.11,-0.0800,283
1140626,00692,富邦公司治理,4435759,197518225,44.45,44.66,44.39,44.43,0.0500,2137
1140626,00693U,期街口S&P黃豆,857138,16908080,19.79,19.80,19.67,19.72,-0.4000,318
1140626,00700,富邦恒生國企,975544,16264767,16.80,16.80,16.59,16.62,-0.1800,223
1140626,00701,國泰股利精選30,756565,21279271,28.04,28.26,28.04,28.10,0.1000,487
1140626,00702,國泰標普低波高息,158413,3402474,21.52,21.54,21.44,21.49,-0.4300,174
1140626,00703,台新MSCI中國,63778,1177432,18.48,18.49,18.39,18.39,-0.1700,25
1140626,00706L,期元大S&P日圓正2,6919737,43034770,6.24,6.24,6.20,6.22,0.0300,401
1140626,00707R,期元大S&P日圓反1,,,,,,,0.0000,
1140626,00708L,期元大S&P黃金正2,1038347,59308464,57.15,57.35,56.95,57.05,0.0500,531
1140626,00709,富邦歐洲,479889,14882766,31.17,31.17,30.90,30.95,-0.3300,1204
1140626,00710B,復華彭博非投等債,247170,4377766,17.78,17.79,17.69,17.70,-0.1400,129
1140626,00711B,復華彭博新興債,371689,5392484,14.57,14.58,14.44,14.48,-0.0600,154
1140626,00712,復華富時不動產,56259827,455963257,8.14,8.15,8.08,8.09,-0.1100,16648
1140626,00713,元大台灣高息低波,6380375,320910451,50.30,50.45,50.15,50.30,0.0000,6780
1140626,00714,群益道瓊美國地產,313744,5888937,18.91,18.91,18.73,18.76,-0.6500,169
1140626,00715L,期街口布蘭特正2,55220492,580341022,10.54,10.56,10.48,10.48,-0.2200,7711
1140626,00717,富邦美國特別股,273781,3758597,13.76,13.78,13.70,13.78,-0.0700,251
1140626,00728,第一金工業30,337099,10234258,30.32,30.43,30.26,30.31,0.0800,218
1140626,00730,富邦臺灣優質高息,626811,13821502,22.04,22.17,21.97,22.10,0.0600,295
1140626,00731,復華富時高息低波,788866,52390335,66.05,66.65,66.05,66.20,0.1500,289
1140626,00733,富邦臺灣中小,1170503,45625724,38.84,39.15,38.78,38.78,-0.0200,905
1140626,00735,國泰臺韓科技,288454,9869128,34.30,34.31,34.18,34.25,-0.0500,205
1140626,00736,國泰新興市場,169875,4021892,23.63,23.70,23.51,23.69,-0.0200,232
1140626,00737,國泰AI機器人,220860,6659609,30.25,30.27,30.09,30.14,-0.1100,192
1140626,00738U,期元大道瓊白銀,1047833,32085047,30.60,30.67,30.53,30.66,0.3500,385
1140626,00739,元大MSCI A股,29836,627651,21.03,21.08,21.00,21.01,0.0100,117
1140626,00752,中信中國50,5589151,125287892,22.73,22.73,22.35,22.36,-0.2600,1188
1140626,00753L,中信中國50正2,23833347,237981379,10.10,10.10,9.92,9.92,-0.1300,2240
1140626,00757,統一FANG+,4332331,437179785,101.10,101.20,100.65,100.85,0.4000,2539
1140626,00762,元大全球AI,394949,26382844,67.15,67.15,66.65,66.75,-0.4000,792
1140626,00763U,期街口道瓊銅,471070,13140390,27.88,27.96,27.81,27.89,0.2000,102
1140626,00770,國泰北美科技,467087,20950956,45.00,45.00,44.78,44.81,-0.1300,424
1140626,00771,元大US高息特別股,58673,878366,15.02,15.02,14.93,14.94,-0.2000,116
1140626,00775B,新光投等債15+,1000,29790,29.79,29.79,29.79,29.79,0.0000,1
1140626,00783,富邦中証500,101201,1857720,18.34,18.38,18.30,18.30,0.0100,140
1140626,00830,國泰費城半導體,6108964,252596842,41.46,41.48,41.27,41.31,0.0500,2537
1140626,00850,元大臺灣ESG永續,3098279,135182205,43.25,43.78,43.25,43.51,0.0300,1346
1140626,00851,台新全球AI,2800,133319,47.79,47.79,47.62,47.62,0.1300,67
1140626,00852L,國泰美國道瓊正2,1116720,26830993,24.10,24.10,24.01,24.04,-0.2700,65
1140626,00861,元大全球未來通訊,38436,1614723,42.22,42.22,41.92,42.00,-0.2500,174
1140626,00865B,國泰US短期公債,526915,22665120,43.28,43.28,42.94,42.99,-0.3000,314
1140626,00875,國泰網路資安,223316,8350789,37.49,37.49,37.30,37.36,-0.1300,1156
1140626,00876,元大全球5G,144919,5218481,35.94,36.06,35.90,36.03,0.0900,275
1140626,00878,國泰永續高股息,38937625,816758311,20.96,21.04,20.91,20.92,-0.0400,15931
1140626,00881,國泰台灣科技龍頭,12288408,292126371,23.75,23.84,23.68,23.72,0.0300,2756
1140626,00882,中信中國高股息,9495082,124914017,13.29,13.29,13.11,13.15,-0.0800,1617
1140626,00885,富邦越南,4182426,50680305,12.11,12.18,12.06,12.06,-0.1400,932
1140626,00891,中信關鍵半導體,4413815,74094548,16.80,16.83,16.73,16.73,-0.0300,1410
1140626,00892,富邦台灣半導體,2481046,42810692,17.31,17.35,17.16,17.16,-0.1200,524
1140626,00893,國泰智能電動車,1454853,34096414,23.49,23.49,23.37,23.37,-0.0900,666
1140626,00894,中信小資高價30,2720224,53689167,19.87,19.87,19.65,19.69,-0.0700,587
1140626,00895,富邦未來車,556997,16611175,29.95,29.95,29.77,29.77,-0.1600,713
1140626,00896,中信綠能及電動車,1935665,30242882,15.53,15.69,15.53,15.60,0.0700,588
1140626,00897,富邦基因免疫生技,885469,5660056,6.42,6.43,6.36,6.36,-0.1500,270
1140626,00898,國泰基因免疫革命,138470,826091,6.00,6.00,5.95,5.97,-0.0300,169
1140626,00899,FT潔淨能源,99545,1398665,14.07,14.08,14.00,14.03,-0.0500,125
1140626,00900,富邦特選高股息30,9343160,120508239,12.92,12.95,12.87,12.87,-0.0700,3391
1140626,00901,永豐智能車供應鏈,1243704,24934198,20.00,20.06,20.00,20.00,0.0100,202
1140626,00902,中信電池及儲能,1715802,13304576,7.79,7.80,7.72,7.74,0.0000,369
1140626,00903,富邦元宇宙,445267,6305848,14.20,14.20,14.12,14.15,-0.0400,158
1140626,00904,新光臺灣半導體30,970063,17066039,17.60,17.66,17.53,17.53,-0.0400,244
1140626,00905,FT臺灣Smart,5483406,74538467,13.57,13.64,13.55,13.55,-0.0100,1238
1140626,00907,永豐優息存股,2000153,29768819,14.81,14.95,14.81,14.82,0.0100,342
1140626,00908,富邦入息REITs+,367562,4677286,12.77,12.77,12.70,12.72,-0.1300,169
1140626,00909,國泰數位支付服務,2776169,85440453,30.99,30.99,30.67,30.75,-0.1100,3462
1140626,00910,第一金太空衛星,2216548,67755460,30.75,30.80,30.44,30.46,-0.2900,1196
1140626,00911,兆豐洲際半導體,332129,8237015,24.90,24.93,24.71,24.71,-0.0600,218
1140626,00912,中信臺灣智慧50,2475356,45285857,18.30,18.32,18.25,18.26,0.0000,297
1140626,00913,兆豐台灣晶圓製造,280457,5529078,19.70,19.77,19.62,19.62,-0.0200,38
1140626,00915,凱基優選高股息30,5758504,128929794,22.33,22.48,22.28,22.30,0.0000,1605
1140626,00916,國泰全球品牌50,298264,6761142,22.81,22.81,22.61,22.67,-0.1800,673
1140626,00917,中信特選金融,98501,2094846,21.33,21.35,21.24,21.25,-0.0800,155
1140626,00918,大華優利高填息30,16527367,358792106,21.71,21.79,21.67,21.68,-0.0300,4579
1140626,00919,群益台灣精選高息,67847537,1463019324,21.55,21.65,21.50,21.51,-0.0200,22733
1140626,00920,富邦ESG綠色電力,432235,5316247,12.32,12.34,12.29,12.31,-0.0900,129
1140626,00921,兆豐龍頭等權重,1627419,27073036,16.60,16.73,16.58,16.59,0.0200,257
1140626,00922,國泰台灣領袖50,12806360,266380092,20.79,20.89,20.69,20.70,-0.0700,2760
1140626,00923,群益台ESG低碳50,7471032,157554664,21.06,21.14,21.02,21.05,-0.0100,1327
1140626,00924,復華S&P500成長,2392527,56610516,23.76,23.76,23.60,23.63,-0.1300,1955
1140626,00926,凱基全球菁英55,1214474,24282204,20.10,20.10,19.96,19.98,-0.1500,626
1140626,00927,群益半導體收益,4459795,76508283,17.15,17.20,17.09,17.12,-0.0100,992
1140626,00929,復華台灣科技優息,30059299,525609983,17.54,17.55,17.44,17.45,-0.0900,4330
1140626,00930,永豐ESG低碳高息,2476703,42441679,17.09,17.19,17.07,17.08,0.0300,483
1140626,00932,兆豐永續高息等權,1492285,20770625,13.91,13.99,13.85,13.85,-0.0500,308
1140626,00934,中信成長高股息,5146207,94220033,18.36,18.38,18.21,18.22,-0.1400,756
1140626,00935,野村臺灣新科技50,3881612,83667665,21.55,21.61,21.49,21.49,-0.0100,898
1140626,00936,台新永續高息中小,4205412,61720171,14.63,14.74,14.63,14.63,0.0000,625
1140626,00938,凱基優選30,2896826,41779638,14.38,14.47,14.38,14.41,0.0500,248
1140626,00939,統一台灣高息動能,5156436,71009040,13.72,13.82,13.72,13.77,-0.0100,950
1140626,00940,元大台灣價值高息,26713873,240864425,9.00,9.05,8.99,9.00,0.0000,4304
1140626,00941,中信上游半導體,5237532,69625744,13.28,13.33,13.26,13.29,0.0200,805
1140626,00943,兆豐電子高息等權,423693,5804948,13.70,13.75,13.66,13.66,0.0200,109
1140626,00944,野村趨勢動能高息,3362817,47025621,13.94,14.03,13.90,13.90,-0.0400,267
1140626,00945B,凱基美國非投等債,9346076,125307318,13.49,13.49,13.38,13.40,-0.0900,1828
1140626,00946,群益科技高息成長,2578576,23473722,9.14,9.15,9.07,9.07,-0.0700,687
1140626,00947,台新臺灣IC設計,1623681,22015823,13.58,13.64,13.47,13.48,-0.0300,296
1140626,00949,復華日本龍頭,2401138,36597397,15.30,15.32,15.19,15.21,-0.0900,790
1140626,00951,台新日本半導體,3972737,33165935,8.34,8.39,8.32,8.37,0.0700,595
1140626,00952,凱基台灣AI50,3081107,29396758,9.55,9.59,9.49,9.49,-0.0100,480
1140626,00953B,群益優選非投等債,61619219,560286493,9.12,9.12,9.06,9.08,-0.0600,7047
1140626,00954,中信日本半導體,1117447,9835123,8.79,8.84,8.76,8.82,0.0700,277
1140626,00956,中信日經高股息,650769,5888899,9.08,9.09,9.03,9.04,-0.0400,296
1140626,00960,野村全球航運龍頭,1098975,14814826,13.50,13.53,13.45,13.46,-0.0700,572
1140626,00961,FT臺灣永續高息,1056112,9738640,9.21,9.24,9.18,9.23,0.0200,91
1140626,00962,台新AI優息動能,2866154,27088301,9.50,9.50,9.40,9.40,-0.0500,188
1140626,00963,中信全球高股息,4275151,42253336,9.94,9.94,9.86,9.86,-0.1400,982
1140626,00964,中信亞太高股息,2164127,21567295,10.01,10.01,9.95,9.96,-0.0700,124
1140626,00965,元大航太防衛科技,5644956,107036656,19.15,19.16,18.86,18.97,-0.0100,1784
1140626,00971,野村美國研發龍頭,995979,13618015,13.75,13.75,13.65,13.66,-0.1000,351
1140626,00972,野村日本動能高息,835917,12004856,14.48,14.48,14.34,14.38,-0.0900,149
1140626,009800,中信NASDAQ,3845843,34833710,9.11,9.11,9.04,9.04,-0.0700,831
1140626,009801,中信美國創新科技,3866685,35511103,9.20,9.21,9.16,9.16,-0.0200,529
1140626,009802,富邦旗艦50,10750215,103570687,9.62,9.67,9.61,9.63,0.0100,1371
1140626,009803,保德信市值動能50,5365632,55364723,10.30,10.35,10.29,10.30,0.0400,429
1140626,009804,聯邦台精彩50,3602187,41666211,11.55,11.60,11.54,11.58,0.0400,259
1140626,009805,新光美國電力基建,1449857,14680740,10.18,10.18,10.11,10.14,-0.1500,295
1140626,009808,華南永昌優選50,5011662,77945355,15.54,15.60,15.50,15.54,0.0000,178
1140626,00980A,主動野村臺灣優選,5454986,61584585,11.32,11.33,11.25,11.26,-0.0300,1110
1140626,00981A,主動統一台股增長,8163657,89349355,11.00,11.02,10.90,10.91,-0.0700,1789
1140626,00982A,主動群益台灣強棒,24453560,267256714,10.95,10.97,10.88,10.90,-0.0100,2065
1140626,00983A,主動中信ARK創新,11513704,118877821,10.38,10.38,10.30,10.32,-0.1300,3039
1140626,01001T,土銀富邦R1,12000,152200,12.70,12.70,12.68,12.68,0.0000,3
1140626,01002T,土銀國泰R1,84000,1267560,15.09,15.09,15.09,15.09,-0.0100,42
1140626,01004T,土銀富邦R2,74016,865255,11.70,11.70,11.69,11.69,-0.0100,7
1140626,01007T,兆豐國泰R2,14000,209760,14.99,14.99,14.98,14.98,0.0000,6
1140626,01009T,王道圓滿R1,4202,30303,7.39,7.39,7.17,7.17,0.0200,21
1140626,01010T,京城樂富R1,6506191,65062008,10.05,10.05,10.04,10.04,0.0300,17
1140626,020000,富邦特選蘋果N,,,,,,,0.0000,
1140626,020011,統一微波高息20N,,,,,,,0.0000,
1140626,020012,富邦行動通訊N,,,,,,,0.0000,
1140626,020018,統一價值成長30N,10000,243100,24.31,24.31,24.31,24.31,0.0000,1
1140626,020019,統一特選台灣5GN,25000,502500,20.10,20.10,20.10,20.10,0.0000,4
1140626,02001L,富邦蘋果正二N,49000,1165450,23.89,23.94,23.65,23.71,-0.0100,21
1140626,02001R,富邦蘋果反一N,1000,1330,1.33,1.33,1.33,1.33,0.0000,1
1140626,02001S,策元大加權策略N,,,,,,,0.0000,
1140626,020020,元大台股領航N,50000,602340,12.09,12.09,12.02,12.05,-0.0400,12
1140626,020028,元大特選電動車N,23000,207580,9.03,9.05,9.00,9.01,0.0700,10
1140626,020029,元大ESG高股息N,11000,101970,9.29,9.29,9.26,9.26,-0.0800,4
1140626,020030,統一智慧電動車N,10000,63310,6.33,6.34,6.32,6.32,-0.0200,3
1140626,020031,統一IC設計臺灣N,10000,59720,6.00,6.00,5.94,5.94,-0.0100,5
1140626,020032,元大綠能N,3000,16570,5.47,5.55,5.47,5.55,0.0000,2
1140626,020034,元大IC設計N,20000,154200,7.67,7.75,7.67,7.74,0.0700,5
1140626,020036,元大金融配息N,,,,,,,0.0000,
1140626,020037,元大金融高股息N,,,,,,,0.0000,
1140626,020038,元大ESG配息N,,,,,,,0.0000,
1140626,020039,元大加權N,20000,139050,6.92,6.96,6.92,6.96,0.0400,5
1140626,1101,台泥,16521929,429296569,25.75,26.25,25.70,25.80,0.1000,7091
1140626,1101B,台泥乙特,48000,2314100,48.35,48.35,48.15,48.30,0.0000,22
1140626,1102,亞泥,9777313,416978064,42.20,42.90,42.20,42.65,0.4000,4825
1140626,1103,嘉泥,328496,4810006,14.45,14.75,14.45,14.65,0.2000,252
1140626,1104,環泥,475148,13297643,27.85,28.15,27.70,28.15,0.2500,385
1140626,1108,幸福,90368,1350130,14.95,15.00,14.90,14.90,0.0500,81
1140626,1109,信大,66944,1134305,16.95,17.00,16.85,16.85,-0.0500,77
1140626,1110,東泥,160000,3137500,19.45,19.70,19.45,19.70,0.3000,121
1140626,1201,味全,302470,4862553,15.95,16.15,15.90,16.05,0.1000,250
1140626,1203,味王,72241,2895413,39.40,40.45,39.40,40.35,0.9500,102
1140626,1210,大成,3349678,212638736,62.20,64.00,62.20,63.90,1.9000,2895
1140626,1213,大飲,19103,237887,12.95,12.95,12.10,12.65,0.0000,17
1140626,1215,卜蜂,3257522,389201467,116.00,121.50,116.00,119.50,4.0000,3165
1140626,1216,統一,44793577,3588660410,79.60,81.00,79.30,80.30,0.9000,10714
1140626,1217,愛之味,671222,7070368,10.40,10.65,10.40,10.50,0.1000,405
1140626,1218,泰山,2879459,58529082,20.30,20.55,20.10,20.35,0.0000,898
1140626,1219,福壽,361996,5247173,14.35,14.60,14.30,14.50,0.3500,226
1140626,1220,台榮,321221,4451346,13.65,14.00,13.60,13.95,0.5000,251
1140626,1225,福懋油,1918144,71430980,38.55,39.00,36.00,36.00,-3.3000,2400
1140626,1227,佳格,622950,20314262,32.30,32.85,32.15,32.60,0.5000,506
1140626,1229,聯華,1305698,56251373,42.35,43.50,42.35,43.10,0.5000,1357
1140626,1231,聯華食,431532,59646430,137.50,139.50,136.50,137.00,0.5000,597
1140626,1232,大統益,91513,13878091,151.00,152.50,151.00,152.50,2.0000,160
1140626,1233,天仁,14139,443518,31.20,31.55,31.20,31.55,0.5000,23
1140626,1234,黑松,323314,13394218,41.05,41.55,41.05,41.45,0.0500,192
1140626,1235,興泰,27309,1792466,65.10,66.50,64.70,66.20,1.1000,41
1140626,1236,宏亞,14263,318618,22.30,22.70,22.20,22.30,0.0000,32
1140626,1256,鮮活果汁-KY,52132,6459420,119.00,127.50,119.00,122.50,3.5000,182
1140626,1301,台塑,15508571,554675479,35.10,36.30,35.10,35.50,0.4500,8543
1140626,1303,南亞,63425567,1814172193,28.10,29.35,28.00,28.55,0.7000,17249
1140626,1304,台聚,1875881,18062751,9.48,9.76,9.45,9.56,0.1400,976
1140626,1305,華夏,1106069,11312868,10.10,10.40,10.05,10.05,0.0500,585
1140626,1307,三芳,588741,22097646,37.25,37.80,37.25,37.50,0.2500,471
1140626,1308,亞聚,741554,8778818,11.75,11.95,11.70,11.75,0.1000,415
1140626,1309,台達化,954872,9983515,10.30,10.60,10.30,10.30,0.0500,484
1140626,1310,台苯,1386407,10986267,7.80,8.01,7.78,7.83,0.0300,528
1140626,1312,國喬,2073098,19786157,9.37,9.63,9.37,9.54,0.2000,1117
1140626,1312A,國喬特,6000,130550,21.80,21.80,21.55,21.55,-0.1500,5
1140626,1313,聯成,1183045,9244728,7.77,7.89,7.75,7.76,0.0000,646
1140626,1314,中石化,8859254,58253105,6.55,6.63,6.51,6.54,0.0100,2422
1140626,1315,達新,12665,838235,66.50,66.70,65.40,66.00,0.0000,71
1140626,1316,上曜,4424303,60391672,13.40,13.85,13.40,13.70,0.3500,1465
1140626,1319,東陽,2765363,278304959,99.90,101.50,99.50,101.00,1.7000,2076
1140626,1321,大洋,112029,4098308,36.50,36.80,36.40,36.50,0.0000,84
1140626,1323,永裕,64628,1272719,19.50,19.80,19.50,19.80,0.2000,42
1140626,1324,地球,32217,351394,10.85,11.00,10.80,10.80,-0.0500,77
1140626,1325,恆大,443468,13628418,30.50,31.00,30.45,30.90,0.4000,364
1140626,1326,台化,14899768,352004955,22.85,24.10,22.85,23.40,0.6000,6668
1140626,1337,再生-KY,376535,2000338,5.22,5.39,5.17,5.38,0.1900,239
1140626,1338,廣華-KY,41047,1014911,24.60,24.85,24.60,24.70,0.1000,55
1140626,1339,昭輝,40536,1965293,48.25,48.80,48.15,48.55,0.2000,48
1140626,1340,勝悅-KY,79229,509193,6.34,6.52,6.31,6.43,0.0900,127
1140626,1341,富林-KY,4321,290227,67.30,67.30,67.20,67.30,2.5000,12
1140626,1342,八貫,402424,35071271,86.70,87.90,86.70,87.10,0.5000,214
1140626,1402,遠東新,6559173,218697804,33.00,33.70,32.90,33.15,0.4000,4231
1140626,1409,新纖,2713835,33398009,12.20,12.40,12.20,12.30,0.1500,909
1140626,1410,南染,104001,3945037,37.95,38.35,37.60,37.60,-0.0500,87
1140626,1413,宏洲,42112,504075,11.95,12.10,11.90,12.00,0.0500,24
1140626,1414,東和,150009,2737462,18.15,18.45,18.05,18.25,0.1500,91
1140626,1416,廣豐,96941,1148359,11.80,11.90,11.80,11.85,0.2000,100
1140626,1417,嘉裕,95715,769212,7.98,8.14,7.98,8.05,0.1100,56
1140626,1418,東華,24012,508496,21.10,21.75,20.75,21.00,-0.1500,24
1140626,1419,新紡,2236082,139867078,60.50,64.20,60.10,62.50,2.5000,1763
1140626,1423,利華,18799,681117,37.50,37.70,37.00,37.70,0.1000,941
1140626,1432,大魯閣,89454,1536149,17.05,17.25,17.05,17.10,0.0500,193
1140626,1434,福懋,2002215,31543421,15.50,16.00,15.40,15.80,0.4500,1070
1140626,1435,中福,17389,574335,32.00,33.50,32.00,33.50,3.0000,30
1140626,1436,華友聯,288787,33925803,116.50,119.00,116.00,118.00,2.0000,300
1140626,1437,勤益控,79378,2567983,32.35,32.50,32.20,32.40,0.1000,60
1140626,1438,三地開發,130198,5021302,36.90,39.65,36.70,39.65,3.6000,133
1140626,1439,雋揚,21142,643931,31.05,31.05,30.15,30.25,-0.1500,34
1140626,1440,南紡,1992325,26271493,12.90,13.45,12.80,13.30,0.5000,942
1140626,1441,大東,26426,313019,11.85,11.90,11.75,11.90,0.1000,43
1140626,1442,名軒,465870,33840967,72.80,73.60,72.30,72.30,-0.8000,369
1140626,1443,立益物流,30508,971202,31.75,32.00,31.25,31.75,0.0000,38
1140626,1444,力麗,2576006,16743706,6.41,6.59,6.38,6.47,0.0900,702
1140626,1445,大宇,25444,382972,15.05,15.15,14.90,15.05,0.1500,29
1140626,1446,宏和,260176,6460747,24.30,25.40,24.25,24.95,0.6500,176
1140626,1447,力鵬,542183,3219807,5.84,5.99,5.84,5.92,0.0600,299
1140626,1449,佳和,354305,4323519,12.10,12.45,12.05,12.20,0.2000,243
1140626,1451,年興,127250,2389306,18.55,19.00,18.50,18.85,0.3000,94
1140626,1452,宏益,105787,1229404,11.60,11.70,11.60,11.60,0.0500,61
1140626,1453,大將,50828,714612,13.90,14.25,13.90,13.95,0.0500,71
1140626,1454,台富,27001,405212,15.10,15.10,14.90,14.90,-0.2000,39
1140626,1455,集盛,518985,4706561,9.04,9.18,8.96,9.00,0.0400,314
1140626,1456,怡華,50454,635234,12.45,12.90,12.45,12.90,0.5500,37
1140626,1457,宜進,50146,876460,17.35,17.60,17.25,17.55,0.2000,68
1140626,1459,聯發,76101,905434,11.95,11.95,11.75,11.90,0.0500,88
1140626,1460,宏遠,357415,2388925,6.60,6.75,6.56,6.67,0.0700,197
1140626,1463,強盛新,118363,2358656,19.95,20.05,19.75,19.90,0.0500,110
1140626,1464,得力,226193,2846123,12.50,12.65,12.40,12.60,0.2000,227
1140626,1465,偉全,71965,989103,13.60,13.85,13.60,13.70,0.1000,76
1140626,1466,聚隆,508807,8323306,15.80,16.80,15.70,16.70,1.0500,298
1140626,1467,南緯,153995,1266745,8.18,8.32,8.16,8.16,-0.0100,170
1140626,1468,昶和,38000,539700,14.25,14.35,13.95,14.30,0.2000,33
1140626,1470,大統新創,7024,155372,21.65,22.35,21.65,22.20,0.0000,9
1140626,1471,首利,101272,1070310,10.50,10.70,10.30,10.55,0.0000,94
1140626,1472,三洋實業,59008,5352724,90.40,92.20,88.10,91.80,1.4000,51
1140626,1473,台南,97036,2551331,26.15,26.50,26.05,26.10,0.0000,88
1140626,1474,弘裕,356172,4590562,12.80,13.25,12.60,13.25,0.5000,195
1140626,1475,業旺,81292,3563009,43.70,44.50,43.35,44.00,0.7000,76
1140626,1476,儒鴻,740034,298857114,405.50,407.50,401.50,402.00,-3.5000,964
1140626,1477,聚陽,1512569,361446026,236.00,241.00,236.00,238.00,2.5000,1497
1140626,1503,士電,1903615,350987376,184.00,186.00,183.00,183.50,1.0000,3569
1140626,1504,東元,4757514,233447407,48.40,49.50,48.15,49.10,1.0000,2875
1140626,1506,正道,76240,882537,11.70,11.75,11.50,11.55,-0.0500,47
1140626,1512,瑞利,45367,346275,7.67,7.74,7.56,7.66,-0.0100,31
1140626,1513,中興電,5551399,924334087,166.50,168.00,165.00,165.50,0.5000,4948
1140626,1514,亞力,3464560,387981414,111.50,113.50,110.50,111.00,0.5000,2859
1140626,1515,力山,178540,4948194,27.80,28.00,27.55,27.60,-0.1500,240
1140626,1516,川飛,13007,207964,15.90,16.15,15.90,15.90,0.0000,19
1140626,1517,利奇,348100,3655943,10.40,10.65,10.40,10.50,0.1000,172
1140626,1519,華城,6711977,3888688503,570.00,590.00,570.00,572.00,5.0000,8985
1140626,1521,大億,80557,2133852,26.90,27.40,26.15,26.15,0.0000,75
1140626,1522,堤維西,1843531,87381203,46.65,47.90,46.60,47.35,0.9000,1206
1140626,1522A,堤維西甲特,6000,293350,48.85,49.00,48.85,49.00,0.0000,6
1140626,1524,耿鼎,558786,16088532,28.70,29.00,28.60,28.65,0.1000,484
1140626,1525,江申,46385,2854931,61.90,62.60,60.10,62.40,0.0000,49
1140626,1526,日馳,74420,1461387,19.90,20.15,19.40,19.60,-0.2500,83
1140626,1527,鑽全,69768,2601291,37.00,37.50,37.00,37.05,0.0500,158
1140626,1528,恩德,1916560,24659621,12.45,13.05,12.45,12.85,0.3500,866
1140626,1529,樂事綠能,475679,13153733,27.55,28.25,27.25,27.50,0.0000,410
1140626,1530,亞崴,20388,612963,29.55,30.45,29.55,30.05,0.2000,35
1140626,1531,高林股,57708,678764,11.75,11.85,11.65,11.85,0.2000,64
1140626,1532,勤美,1029367,27863785,27.05,27.25,26.85,26.95,0.0500,564
1140626,1533,車王電,110683,3319372,29.70,30.50,29.50,30.10,1.0500,159
1140626,1535,中宇,40401,2302705,56.60,57.40,56.60,57.20,0.6000,63
1140626,1536,和大,4281124,261610451,60.50,61.90,60.20,60.30,0.3000,3157
1140626,1537,廣隆,54889,7692055,139.50,140.50,139.50,140.50,1.5000,83
1140626,1538,正峰,17068,449726,27.30,27.30,25.10,25.70,-0.9000,21
1140626,1539,巨庭,1576718,32030058,19.70,20.80,19.15,20.80,1.8500,1099
1140626,1540,喬福,510080,15223680,29.60,30.15,29.35,29.35,0.0000,358
1140626,1541,錩泰,14382,448367,31.35,31.35,30.85,31.15,-0.2000,42
1140626,1558,伸興,54489,5459625,99.70,101.00,99.70,99.90,0.1000,170
1140626,1560,中砂,7280323,2364353182,325.50,329.50,320.50,324.00,0.5000,11397
1140626,1563,巧新,195699,10482531,53.00,54.20,53.00,53.50,0.5000,188
1140626,1568,倉佑,68069,1636729,23.50,24.50,23.50,23.85,0.3500,93
1140626,1582,信錦,856629,61066196,70.70,71.90,70.60,71.20,0.7000,737
1140626,1583,程泰,47078,2763522,57.80,59.10,57.80,59.10,1.3000,37
1140626,1587,吉茂,85152,2549560,29.85,30.30,29.60,29.60,-0.3000,95
1140626,1589,永冠-KY,250748,6196295,24.30,24.90,24.30,24.80,0.6000,254
1140626,1590,亞德客-KY,403021,350037899,871.00,879.00,862.00,863.00,-2.0000,553
1140626,1597,直得,3167711,277738685,84.80,89.60,84.80,85.40,0.6000,2709
1140626,1598,岱宇,145999,3195674,21.65,22.10,21.55,21.75,0.1000,127
1140626,1603,華電,534326,21308296,39.95,40.30,39.45,39.70,0.0500,363
1140626,1604,聲寶,123364,3118373,25.15,25.45,25.15,25.20,0.2000,165
1140626,1605,華新,14862675,321763314,21.35,21.85,21.30,21.60,0.3500,6049
1140626,1608,華榮,1311721,33983809,25.75,26.20,25.60,25.70,0.1500,840
1140626,1609,大亞,2298221,88336712,38.15,38.75,38.05,38.30,0.5000,1817
1140626,1611,中電,378873,4900372,13.05,13.10,12.80,12.80,-0.1000,317
1140626,1612,宏泰,2082975,79532364,38.05,38.55,37.85,38.15,0.1500,1464
1140626,1614,三洋電,77010,3012138,39.10,39.40,38.80,39.00,0.1000,53
1140626,1615,大山,41903,2155033,51.20,51.80,51.10,51.20,0.1000,63
1140626,1616,億泰,22671348,924457939,41.00,42.80,39.15,39.40,-2.1000,13331
1140626,1617,榮星,80733,1366702,16.80,17.05,16.80,17.00,0.2000,82
1140626,1618,合機,849753,40572188,47.70,48.10,47.45,47.45,0.2000,623
1140626,1626,艾美特-KY,89067,991357,10.95,11.20,10.95,11.10,0.0000,88
1140626,1702,南僑,529782,21453430,40.20,40.75,40.00,40.65,0.6500,483
1140626,1707,葡萄王,157694,19811131,124.00,126.00,124.00,126.00,2.0000,304
1140626,1708,東鹼,525140,16259470,30.90,31.15,30.80,31.00,0.1000,457
1140626,1709,和益,342351,6235771,18.00,18.30,17.90,18.25,0.2500,233
1140626,1710,東聯,998958,12051961,12.00,12.25,11.95,12.00,0.1000,565
1140626,1711,永光,1189094,19458330,16.10,16.50,16.10,16.30,0.2500,652
1140626,1712,興農,178433,7389836,40.90,41.75,40.90,41.30,0.3000,199
1140626,1713,國化,206045,11485225,56.40,56.40,55.50,55.50,-0.3000,180
1140626,1714,和桐,698426,5264862,7.51,7.59,7.47,7.52,0.0600,410
1140626,1717,長興,1764444,43071955,24.20,24.70,24.20,24.25,0.0500,973
1140626,1718,中纖,1481229,8969607,5.95,6.12,5.95,6.05,0.1200,680
1140626,1720,生達,123610,7088425,57.00,57.60,56.90,57.60,0.9000,118
1140626,1721,三晃,505481,5895461,11.45,11.80,11.45,11.60,0.1500,320
1140626,1722,台肥,1950354,105451175,52.80,54.60,52.80,54.10,1.3000,1525
1140626,1723,中碳,153111,14023152,90.90,92.10,90.90,91.40,0.5000,218
1140626,1725,元禎,61155,1856511,30.00,30.80,30.00,30.70,0.8500,51
1140626,1726,永記,25133,1960174,77.60,78.40,77.60,78.00,0.4000,34
1140626,1727,中華化,139794,3111630,22.25,22.50,22.05,22.05,0.1000,122
1140626,1730,花仙子,22088,1232777,55.60,56.00,55.50,56.00,0.9000,108
1140626,1731,美吾華,128814,2963668,22.95,23.15,22.90,23.00,0.0000,101
1140626,1732,毛寶,170565,4499010,26.40,26.50,26.15,26.40,0.3000,141
1140626,1733,五鼎,35230,1011425,28.60,28.90,28.60,28.60,0.1000,58
1140626,1734,杏輝,80449,2604940,32.25,32.50,32.20,32.30,0.1000,144
1140626,1735,日勝化,28640,458531,15.90,16.45,15.90,16.00,0.0500,58
1140626,1736,喬山,5676459,1024533056,175.50,183.50,175.50,181.50,4.5000,4914
1140626,1737,臺鹽,59086,1939976,32.80,32.90,32.75,32.80,0.0000,97
1140626,1752,南光,35380,1283284,36.10,36.65,36.10,36.65,0.1500,69
1140626,1760,寶齡富錦,130827,9521716,72.20,73.10,72.10,72.60,0.6000,150
1140626,1762,中化生,73148,1898440,25.60,26.20,25.60,26.00,0.4500,127
1140626,1773,勝一,191498,23064011,119.50,121.50,119.50,120.00,1.0000,261
1140626,1776,展宇,95364,1534364,16.25,16.25,16.00,16.00,-0.3500,114
1140626,1783,和康生,55084,2429902,44.60,44.60,43.75,43.75,-0.0500,61
1140626,1786,科妍,151576,13753524,90.40,91.50,90.00,91.00,0.0000,160
1140626,1789,神隆,1284524,22503953,16.95,17.75,16.95,17.50,0.6000,789
1140626,1795,美時,760318,168671578,221.50,224.00,220.00,221.00,1.0000,886
1140626,1802,台玻,5667772,91855259,16.15,16.35,16.10,16.20,0.1000,2143
1140626,1805,寶徠,185137,2517989,13.30,13.85,13.25,13.55,0.2500,97
1140626,1806,冠軍,4281167,50744563,11.70,12.10,11.60,11.85,0.4000,1759
1140626,1808,潤隆,1625359,48459869,29.50,30.00,29.50,29.80,0.4500,861
1140626,1809,中釉,245016,3881621,15.70,15.95,15.70,15.85,0.2500,210
1140626,1810,和成,1126390,17339275,15.35,15.60,15.30,15.35,0.0000,595
1140626,1817,凱撒衛,81913,3451465,42.45,42.45,41.90,41.90,0.0500,96
1140626,1903,士紙,998857,58837786,57.70,60.00,57.70,58.60,1.1000,784
1140626,1904,正隆,1067994,18485414,17.05,17.50,16.90,17.30,0.4000,898
1140626,1905,華紙,1441614,17181974,11.60,12.10,11.60,11.90,0.3000,778
1140626,1906,寶隆,47998,602159,12.25,12.70,12.25,12.40,-0.1000,115
1140626,1907,永豐餘,1990756,47804364,23.30,23.90,23.25,23.40,0.1000,1002
1140626,1909,榮成,1543957,13643408,8.84,8.94,8.75,8.82,0.0200,867
1140626,2002,中鋼,23759048,450453526,18.85,19.10,18.80,19.00,0.2500,8129
1140626,2002A,中鋼特,4020,162408,40.40,40.40,40.40,40.40,0.0500,5
1140626,2006,東和鋼鐵,1925257,123950937,63.80,64.70,63.80,64.60,0.8000,1165
1140626,2007,燁興,198097,1455588,7.35,7.50,7.18,7.47,0.1200,130
1140626,2008,高興昌,44319,1125077,24.55,26.10,24.55,26.00,0.0000,46
1140626,2009,第一銅,1160583,38770428,33.00,33.60,33.00,33.20,0.4000,765
1140626,2010,春源,771818,14620388,18.80,19.05,18.80,18.90,0.1000,381
1140626,2012,春雨,45989,879691,18.65,19.40,18.65,19.25,0.6500,70
1140626,2013,中鋼構,72302,3175473,43.80,44.10,43.75,43.75,-0.0500,108
1140626,2014,中鴻,2741570,39945967,14.50,14.80,14.35,14.45,0.1500,1352
1140626,2015,豐興,1218105,76080573,62.10,63.20,60.90,63.20,1.0000,931
1140626,2017,官田鋼,327184,3176706,9.68,9.79,9.60,9.63,0.0000,246
1140626,2020,美亞,198816,4764757,23.85,24.20,23.85,23.90,0.0500,193
1140626,2022,聚亨,223027,1737772,7.74,7.84,7.74,7.78,0.0400,254
1140626,2023,燁輝,1182869,18204050,15.25,15.50,15.25,15.40,0.1500,645
1140626,2024,志聯,27124,474155,17.40,17.95,17.40,17.40,0.1000,30
1140626,2025,千興,27469,398030,14.70,14.70,14.35,14.45,-0.1000,46
1140626,2027,大成鋼,9744619,337842929,34.50,34.90,34.35,34.60,0.3500,3902
1140626,2028,威致,149859,2694350,17.55,18.30,17.50,18.00,0.5000,112
1140626,2029,盛餘,151404,3554817,23.30,23.60,23.30,23.40,0.1000,133
1140626,2030,彰源,130402,1940913,14.75,14.95,14.75,14.85,0.1000,116
1140626,2031,新光鋼,616956,24708373,39.50,40.40,39.50,40.10,0.6000,440
1140626,2032,新鋼,350942,4958087,13.80,14.30,13.75,14.15,0.3500,235
1140626,2033,佳大,101024,1662696,16.40,16.70,16.35,16.50,0.2000,69
1140626,2034,允強,583858,12648444,21.55,21.85,21.50,21.65,0.1000,400
1140626,2038,海光,446956,6817022,14.70,15.60,14.70,15.45,0.6000,293
1140626,2049,上銀,11416802,2499800685,214.50,224.50,213.50,213.50,1.0000,11006
1140626,2059,川湖,1609574,3279993165,2145.00,2145.00,1975.00,2050.00,-85.0000,4974
1140626,2062,橋椿,275216,6739259,24.45,24.70,24.25,24.35,0.0500,195
1140626,2069,運錩,126690,1871059,14.60,14.90,14.55,14.85,0.3000,87
1140626,2101,南港,3594406,132078820,36.15,37.15,36.15,36.55,0.4000,1680
1140626,2102,泰豐,696142,15328023,22.05,22.20,21.75,21.90,0.0000,373
1140626,2103,台橡,584642,10543722,17.85,18.25,17.80,18.05,0.4000,411
1140626,2104,國際中橡,1197359,13158485,10.80,11.10,10.75,10.90,0.2000,621
1140626,2105,正新,9287313,365430552,38.65,39.85,38.45,39.50,1.1500,5099
1140626,2106,建大,545091,11914399,21.65,22.10,21.55,21.75,0.1500,459
1140626,2107,厚生,109134,2683986,24.60,24.70,24.45,24.60,0.1000,156
1140626,2108,南帝,320293,7688404,23.80,24.30,23.80,23.90,0.2000,295
1140626,2109,華豐,125180,2106917,16.80,16.95,16.75,16.75,0.0000,101
1140626,2114,鑫永銓,24487,2209666,91.70,91.70,89.10,90.20,0.5000,39
1140626,2115,六暉-KY,42545,1181254,28.30,28.30,27.40,27.80,0.0000,67
1140626,2201,裕隆,2318253,79420836,33.90,34.65,33.70,34.00,0.2000,1876
1140626,2204,中華,1461472,89180406,60.30,61.70,60.30,60.70,0.5000,1454
1140626,2206,三陽工業,1181152,73598794,62.30,62.60,61.90,62.50,0.6000,930
1140626,2207,和泰車,382813,217181161,568.00,571.00,563.00,567.00,7.0000,755
1140626,2208,台船,2076217,37185059,17.95,18.15,17.75,17.85,0.2000,935
1140626,2211,長榮鋼,1357812,116007644,86.00,86.50,85.00,85.00,0.0000,855
1140626,2227,裕日車,127363,7544922,57.00,60.50,56.90,60.00,3.2000,229
1140626,2228,劍麟,263430,25245603,95.00,96.80,95.00,95.50,0.5000,245
1140626,2231,為升,348012,25382331,71.50,73.70,71.50,72.50,1.3000,334
1140626,2233,宇隆,3826241,753904718,185.00,198.00,185.00,198.00,18.0000,2051
1140626,2236,百達-KY,210728,21147035,98.90,101.50,98.90,99.90,1.1000,189
1140626,2239,英利-KY,47478,1457157,30.60,30.80,30.35,30.80,0.6000,54
1140626,2241,艾姆勒,890735,22513007,23.30,25.60,23.30,25.60,2.3000,622
1140626,2243,宏旭-KY,1522355,18955305,11.70,12.70,11.50,12.10,0.5500,2176
1140626,2247,汎德永業,148413,42235135,287.50,287.50,283.00,285.50,-2.0000,319
1140626,2248,華勝-KY,13089,621089,47.45,47.50,47.40,47.50,1.1000,15
1140626,2250,IKKA-KY,763312,72877339,92.90,97.00,92.90,94.40,2.1000,588
1140626,2254,巨鎧精密-創,14000,916200,66.50,66.50,64.70,65.40,-0.3000,14
1140626,2258,鴻華先進-創,742812,31439741,40.95,42.95,40.75,42.70,1.9500,544
1140626,2301,光寶科,11433945,1270810855,110.00,112.00,110.00,111.00,1.5000,6524
1140626,2302,麗正,93061,1480041,15.95,16.05,15.80,15.80,0.0500,106
1140626,2303,聯電,81797008,3558443336,43.80,44.35,43.15,43.25,-0.5500,30129
1140626,2305,全友,493824,5181925,10.50,10.60,10.35,10.45,0.1500,240
1140626,2308,台達電,7443699,3132652142,422.50,424.50,418.00,420.00,-3.5000,7842
1140626,2312,金寶,3276256,66600790,20.30,20.45,20.20,20.35,0.2500,1478
1140626,2313,華通,3444755,196450563,57.10,57.30,56.80,57.00,0.3000,2018
1140626,2314,台揚,4281784,49665635,12.55,12.55,10.65,11.90,0.4500,1473
1140626,2316,楠梓電,5752382,305334766,53.30,54.30,51.90,52.50,-0.8000,3499
1140626,2317,鴻海,65708560,10691392412,162.00,164.00,161.50,163.00,1.0000,36047
1140626,2321,東訊,1525,23284,15.50,15.50,15.50,15.50,0.5000,5
1140626,2323,中環,2563794,20739590,8.04,8.15,8.00,8.11,0.1600,997
1140626,2324,仁寶,31191897,878607284,28.30,28.50,28.00,28.00,-0.3000,9553
1140626,2327,國巨,2282651,1093688351,479.50,481.50,476.00,479.00,2.0000,2603
1140626,2328,廣宇,24079500,1002365449,41.90,42.40,41.20,41.30,-0.1000,13472
1140626,2329,華泰,13718969,571317752,41.70,42.70,40.70,40.70,0.0000,7014
1140626,2330,台積電,39534708,42448279645,1075.00,1080.00,1065.00,1075.00,5.0000,50326
1140626,2331,精英,808893,14957508,18.45,18.70,18.30,18.30,-0.1000,519
1140626,2332,友訊,8094624,139219891,17.20,17.45,16.95,17.05,0.0500,3606
1140626,2337,旺宏,9149597,201482138,21.85,22.30,21.70,21.70,0.0000,4039
1140626,2338,光罩,15773488,510999194,32.75,33.30,31.25,32.35,0.0000,10055
1140626,2340,台亞,4783612,100554719,20.15,21.50,20.15,21.00,0.8500,3174
1140626,2342,茂矽,438544,9918495,22.10,23.05,22.10,22.35,0.3500,364
1140626,2344,華邦電,216038224,4533744462,20.75,21.50,20.50,20.85,0.6000,53135
1140626,2345,智邦,3554212,2655045558,754.00,756.00,740.00,743.00,0.0000,4086
1140626,2347,聯強,12603903,808861971,64.30,64.70,63.50,64.60,0.3000,8274
1140626,2348,海悅,916394,94964986,103.00,104.50,102.50,103.50,0.5000,975
1140626,2348A,海悅甲特,22057,794546,36.10,36.15,36.00,36.00,0.0000,11
1140626,2349,錸德,3190587,33064401,10.25,10.50,10.15,10.30,0.1000,1153
1140626,2351,順德,903985,65393118,72.50,72.80,72.00,72.10,0.5000,901
1140626,2352,佳世達,2938558,77563116,26.20,26.70,26.15,26.25,0.1500,1703
1140626,2353,宏碁,17166707,536476112,31.40,31.60,31.15,31.15,-0.2500,7622
1140626,2354,鴻準,6445278,418921390,65.00,65.70,64.50,64.50,-0.2000,4830
1140626,2355,敬鵬,792981,25493210,31.80,32.40,31.80,32.05,0.3500,582
1140626,2356,英業達,17056650,716573263,41.60,42.20,41.50,42.10,0.8000,7820
1140626,2357,華碩,21635605,13966162038,665.00,666.00,632.00,641.00,0.0000,29721
1140626,2359,所羅門,4809964,676132292,139.50,143.50,137.50,137.50,0.5000,4068
1140626,2360,致茂,8522500,3620615146,409.00,430.00,402.00,430.00,39.0000,7062
1140626,2362,藍天,450273,20395479,44.75,45.80,44.75,45.15,0.3500,435
1140626,2363,矽統,3407331,167588891,49.50,49.80,48.65,48.70,-0.1000,3417
1140626,2364,倫飛,118684,10294877,85.90,87.30,85.70,86.90,1.3000,314
1140626,2365,昆盈,5177131,193221387,36.45,38.10,36.45,36.80,0.5000,3568
1140626,2367,燿華,2843187,69132104,24.25,24.60,24.10,24.25,0.1500,1610
1140626,2368,金像電,5467117,1478877244,274.50,277.00,267.00,269.50,-2.5000,5077
1140626,2369,菱生,917097,14224272,15.45,15.70,15.35,15.40,0.0500,561
1140626,2371,大同,25436940,1027538527,40.65,41.10,40.35,40.50,-0.1500,6897
1140626,2373,震旦行,31154,1924485,61.50,61.90,61.50,61.90,0.3000,53
1140626,2374,佳能,6748423,367902644,54.20,55.20,53.80,53.90,0.3000,4779
1140626,2375,凱美,170924,9725260,56.90,57.20,56.50,56.80,0.2000,181
1140626,2376,技嘉,3243903,926810599,287.50,288.50,284.00,284.00,-0.5000,4374
1140626,2377,微星,4745580,672847010,144.00,144.50,140.50,140.50,-2.0000,3548
1140626,2379,瑞昱,2276744,1277854015,557.00,566.00,555.00,560.00,1.0000,2263
1140626,2380,虹光,24532,92072,3.66,3.85,3.66,3.85,0.0500,34
1140626,2382,廣達,25266778,7359469472,294.00,296.00,288.50,290.00,-3.0000,43278
1140626,2383,台光電,7228346,6196593539,869.00,876.00,848.00,855.00,-3.0000,7355
1140626,2385,群光,3631781,474890925,132.50,132.50,130.00,130.00,-1.5000,3281
1140626,2387,精元,2723988,121369302,45.40,45.40,43.75,44.55,-1.5500,1816
1140626,2388,威盛,1596669,101766111,63.90,64.60,63.00,63.10,-0.5000,1278
1140626,2390,云辰,314998,3468759,10.90,11.15,10.85,10.90,0.0000,261
1140626,2392,正崴,1622291,86265499,53.30,53.70,52.80,53.00,0.0000,1450
1140626,2393,億光,6674069,461696493,71.10,71.10,68.60,68.70,-1.7000,5252
1140626,2395,研華,748112,252902588,336.50,341.50,334.50,336.50,2.0000,954
1140626,2397,友通,126413,7815701,62.00,62.20,61.60,61.60,-0.1000,143
1140626,2399,映泰,1233557,23842627,19.25,19.50,19.15,19.15,-0.0500,634
1140626,2401,凌陽,1726573,33515470,19.25,19.70,19.05,19.40,0.3500,1047
1140626,2402,毅嘉,4950714,201352101,40.85,41.45,40.00,40.05,-0.5500,3218
1140626,2404,漢唐,1989103,1247133787,636.00,641.00,622.00,622.00,-14.0000,3334
1140626,2405,輔信,1531487,25316081,16.30,16.70,16.30,16.45,0.3000,738
1140626,2406,國碩,686388,7938195,11.40,11.70,11.35,11.60,0.2500,434
1140626,2408,南亞科,136818562,7482904073,55.30,56.40,53.50,53.90,-1.1000,50642
1140626,2409,友達,30608369,384711077,12.40,12.75,12.35,12.45,0.1000,6489
1140626,2412,中華電,10565064,1442035221,136.50,137.00,135.50,137.00,0.0000,5946
1140626,2413,環科,118172,2112594,17.90,17.95,17.75,17.95,0.3500,80
1140626,2414,精技,44512,1808703,40.55,40.75,40.50,40.60,0.0500,50
1140626,2415,錩新,15259,381459,24.95,25.15,24.80,25.10,0.1500,22
1140626,2417,圓剛,396274,14910828,37.05,38.05,37.05,37.25,0.2000,477
1140626,2419,仲琦,514699,11791885,22.90,23.05,22.75,22.85,0.1500,352
1140626,2420,新巨,211597,11213696,53.20,53.50,52.60,52.70,-0.2000,234
1140626,2421,建準,1420722,144182772,102.50,102.50,100.50,102.00,0.5000,1242
1140626,2423,固緯,134003,5729428,42.60,43.05,42.60,42.75,0.3500,135
1140626,2424,隴華,141579,12624494,86.60,90.60,86.60,88.70,-0.3000,103
1140626,2425,承啟,566115,21006295,37.35,37.55,36.75,36.90,-0.4500,424
1140626,2426,鼎元,350467,5556953,15.60,16.00,15.60,15.90,0.3000,245
1140626,2427,三商電,1272829,35847521,28.10,28.40,27.85,28.15,0.2500,728
1140626,2428,興勤,155440,20741940,133.50,134.50,133.00,133.00,-0.5000,170
1140626,2429,銘旺科,10696690,783859219,73.50,74.60,71.90,73.90,2.3000,6445
1140626,2430,燦坤,28779,699085,24.15,24.40,24.00,24.35,0.2000,42
1140626,2431,聯昌,163689,1836681,11.30,11.30,11.15,11.15,0.0500,107
1140626,2432,倚天酷碁-創,19099,551215,28.85,29.00,28.55,28.55,-0.3000,19
1140626,2433,互盛電,32208,1639408,50.90,51.00,50.80,51.00,0.2000,31
1140626,2434,統懋,15103,445329,29.50,29.70,29.50,29.55,0.0500,17
1140626,2436,偉詮電,4272094,217254878,49.15,52.50,49.10,50.10,0.0000,2646
1140626,2438,翔耀,72827,2164044,29.90,30.10,29.20,29.20,-0.7000,128
1140626,2439,美律,2737780,305504665,112.00,113.00,110.50,111.50,0.0000,1985
1140626,2440,太空梭,166802,2193911,13.20,13.40,13.00,13.15,0.0500,116
1140626,2441,超豐,864950,49385244,56.70,57.40,56.70,57.30,0.5000,694
1140626,2442,新美齊,192440,4821539,24.95,25.30,24.85,24.95,0.0000,211
1140626,2444,兆勁,127167,1550932,12.20,12.30,12.10,12.10,0.0000,99
1140626,2449,京元電子,17828883,1837285528,105.00,105.50,101.50,102.50,-2.0000,9502
1140626,2450,神腦,167290,4932201,29.35,29.70,29.30,29.50,0.2000,210
1140626,2451,創見,7563795,799475978,103.50,109.00,103.00,104.50,2.0000,4719
1140626,2453,凌群,221054,12828097,57.90,58.30,57.90,57.90,0.0000,269
1140626,2454,聯發科,5312078,6868062225,1295.00,1300.00,1285.00,1290.00,-5.0000,8462
1140626,2455,全新,13189928,1726207968,130.00,133.50,127.00,129.00,-0.5000,10201
1140626,2457,飛宏,2744674,59942537,20.95,22.20,20.95,21.80,0.8500,1771
1140626,2458,義隆,3350081,418211221,126.50,128.00,122.50,123.50,-1.5000,2360
1140626,2459,敦吉,74332,4489305,60.40,60.70,60.10,60.10,-0.6000,131
1140626,2460,建通,490980,9040312,18.40,18.45,17.80,18.45,1.6500,232
1140626,2461,光群雷,153419,2517106,16.30,16.55,16.30,16.35,0.1000,129
1140626,2462,良得電,142342,2934800,20.20,20.80,20.20,20.60,0.4000,114
1140626,2464,盟立,10153188,638814435,61.10,65.10,60.80,61.00,0.8000,7888
1140626,2465,麗臺,575138,35610404,60.80,62.50,60.80,61.30,0.6000,656
1140626,2466,冠西電,583506,51230006,86.60,89.30,86.60,87.90,1.9000,497
1140626,2467,志聖,605844,94350387,157.50,158.50,154.00,154.50,-2.0000,708
1140626,2468,華經,2277979,143051980,62.70,63.70,62.40,62.40,-0.3000,1971
1140626,2471,資通,187814,10580321,56.30,56.50,56.10,56.30,0.4000,256
1140626,2472,立隆電,1802102,138849647,76.50,77.60,76.50,76.70,0.8000,1466
1140626,2474,可成,3829004,812466548,212.00,213.50,211.00,211.50,0.0000,2152
1140626,2476,鉅祥,648232,47689377,73.50,74.30,72.90,72.90,0.0000,663
1140626,2477,美隆電,96074,1937537,19.95,20.30,19.95,20.05,0.1000,70
1140626,2478,大毅,238229,9952179,41.40,42.00,41.40,41.60,0.0000,225
1140626,2480,敦陽科,147658,22758201,152.00,155.00,152.00,154.50,3.0000,264
1140626,2481,強茂,846772,43064009,51.00,51.20,50.50,50.80,0.5000,702
1140626,2482,連宇,653479,12478104,17.75,19.50,17.75,19.50,1.7500,443
1140626,2483,百容,52021,915626,17.60,17.80,17.40,17.40,-0.2000,25
1140626,2484,希華,230195,4714044,20.55,20.55,20.40,20.55,0.2000,123
1140626,2485,兆赫,1657346,19654457,11.15,12.10,11.05,12.10,1.1000,807
1140626,2486,一詮,7505783,610145080,81.60,82.90,79.70,79.70,0.0000,5136
1140626,2488,漢平,133649,6131118,45.55,46.15,45.55,45.95,0.4000,88
1140626,2489,瑞軒,1936077,27599683,13.95,14.40,13.95,14.25,0.3000,1018
1140626,2491,吉祥全,12626,127140,10.05,10.20,9.98,10.05,0.0000,20
1140626,2492,華新科,728011,59339897,80.60,82.30,80.60,81.20,0.6000,746
1140626,2493,揚博,85867,8349497,96.70,97.60,96.70,97.20,0.6000,112
1140626,2495,普安,544669,12413268,22.75,22.90,22.50,22.70,0.1000,396
1140626,2496,卓越,11169,811234,72.30,72.90,72.30,72.60,0.4000,16
1140626,2497,怡利電,177753,7433481,42.00,42.20,41.20,41.50,0.3000,175
1140626,2498,宏達電,3643089,143774754,39.80,40.05,39.00,39.00,-0.3500,2531
1140626,2501,國建,1412612,27550362,19.20,19.75,19.20,19.55,0.3500,716
1140626,2504,國產,9975182,392498663,39.70,39.85,39.15,39.30,-0.8000,5320
1140626,2505,國揚,274578,5474522,19.95,20.15,19.35,20.00,0.0500,185
1140626,2506,太設,348801,3479095,10.00,10.10,9.92,9.95,-0.0500,131
1140626,2509,全坤建,111744,1563070,13.80,14.15,13.80,13.95,0.1500,95
1140626,2511,太子,774109,7182240,9.23,9.34,9.22,9.27,0.1100,517
1140626,2514,龍邦,85959,1443961,16.60,16.90,16.60,16.75,0.2000,79
1140626,2515,中工,9961807,112498671,11.00,11.45,11.00,11.35,0.4000,2711
1140626,2516,新建,257021,4314650,16.85,16.95,16.60,16.60,-0.2000,165
1140626,2520,冠德,1550750,77785792,50.10,50.50,49.60,50.50,0.6500,1183
1140626,2524,京城,397706,17820485,43.95,45.50,43.95,44.75,1.1500,356
1140626,2527,宏璟,117263,3222067,27.35,27.80,27.10,27.65,0.4500,111
1140626,2528,皇普,219824,7022129,31.95,32.20,31.65,31.75,0.1500,161
1140626,2530,華建,748130,23283809,30.80,31.55,30.80,31.35,0.3500,431
1140626,2534,宏盛,664738,16919720,25.25,25.60,25.25,25.45,0.2000,264
1140626,2535,達欣工,174408,9920485,56.80,57.30,56.60,56.80,0.2000,233
1140626,2536,宏普,189942,5756561,30.15,30.50,30.10,30.10,0.0500,138
1140626,2537,聯上發,1676057,19671696,11.70,11.90,11.55,11.90,0.3000,870
1140626,2538,基泰,1775292,24255897,13.15,14.15,13.15,13.70,0.7500,743
1140626,2539,櫻花建,966497,61272147,62.60,63.80,62.30,63.80,1.6000,795
1140626,2540,愛山林,1299428,102860156,77.90,80.50,77.40,80.20,2.7000,1173
1140626,2542,興富發,9561744,399244418,41.50,42.00,41.30,42.00,0.5000,4112
1140626,2543,皇昌,3905535,323404461,81.10,84.40,80.70,83.40,2.6000,3023
1140626,2545,皇翔,700772,30778304,43.20,44.25,43.20,44.20,1.0000,578
1140626,2546,根基,186689,15256717,80.20,82.00,80.20,82.00,2.3000,278
1140626,2547,日勝生,1273875,15715863,12.20,12.45,12.20,12.30,0.1000,553
1140626,2548,華固,435787,46573322,106.50,108.00,106.00,106.50,1.0000,539
1140626,2597,潤弘,658682,112516814,170.50,172.50,170.00,171.50,1.5000,507
1140626,2601,益航,1233686,7339373,5.88,6.00,5.86,5.94,0.0600,486
1140626,2603,長榮,14320439,2956425576,207.00,209.00,205.00,205.00,-0.5000,10865
1140626,2605,新興,1889986,42409990,22.35,22.60,22.30,22.30,0.0500,1115
1140626,2606,裕民,4655056,238145044,51.10,51.80,50.80,51.00,0.0000,2922
1140626,2607,榮運,3436099,116176871,33.80,34.00,33.40,33.80,0.3000,1641
1140626,2608,嘉里大榮,202011,6939658,34.00,34.60,34.00,34.35,0.3500,182
1140626,2609,陽明,38843732,2818407257,72.90,73.50,72.10,72.10,-0.5000,13589
1140626,2610,華航,26620522,574509970,21.55,21.70,21.40,21.60,0.2000,7710
1140626,2611,志信,262566,5323988,20.25,20.40,20.15,20.20,0.1000,220
1140626,2612,中航,150449,6736376,44.20,45.25,44.20,44.60,0.2500,140
1140626,2613,中櫃,240004,6654971,27.70,27.95,27.60,27.75,0.1000,218
1140626,2614,東森,430058,7506399,17.25,17.60,17.25,17.40,0.1500,362
1140626,2615,萬海,11678135,1103616117,95.50,95.60,93.50,93.50,-1.8000,8874
1140626,2616,山隆,188431,2845732,15.10,15.25,14.95,15.10,0.0000,249
1140626,2617,台航,335201,9473564,28.05,28.50,28.05,28.10,0.1500,279
1140626,2618,長榮航,30809003,1226515673,39.40,40.05,39.40,39.70,0.1500,13524
1140626,2630,亞航,1106083,39068272,35.40,35.55,35.20,35.20,-0.2000,825
1140626,2633,台灣高鐵,2810157,81209408,28.70,29.00,28.70,28.85,0.1500,1770
1140626,2634,漢翔,2260535,99570562,43.85,44.30,43.85,44.15,0.0500,1614
1140626,2636,台驊控股,223760,16368184,72.50,73.80,72.50,73.10,0.6000,224
1140626,2637,慧洋-KY,2184435,122931494,56.20,56.70,55.90,56.30,0.6000,1427
1140626,2642,宅配通,39481,1012279,25.50,26.00,25.50,25.65,0.1500,71
1140626,2645,長榮航太,652161,69323304,107.50,107.50,105.50,106.00,-1.0000,680
1140626,2646,星宇航空,2436261,62605204,25.60,25.85,25.50,25.75,0.3000,1785
1140626,2701,萬企,99703,1144053,11.40,11.55,11.40,11.50,0.1500,82
1140626,2702,華園,216643,2859291,13.35,13.60,12.95,13.60,0.2000,271
1140626,2704,國賓,194367,8730472,44.55,45.40,44.05,45.00,0.9500,261
1140626,2705,六福,144066,2567048,17.90,18.00,17.55,17.75,-0.1500,182
1140626,2706,第一店,192371,2570852,13.35,13.50,13.15,13.45,0.1500,159
1140626,2707,晶華,80461,15444815,190.50,192.50,190.50,192.50,2.0000,142
1140626,2712,遠雄來,36151,733450,19.25,20.90,19.25,20.20,1.2000,38
1140626,2722,夏都,55576,1616261,28.80,29.30,28.80,28.85,0.0500,64
1140626,2723,美食-KY,287306,23884120,82.70,83.80,82.60,83.10,0.5000,198
1140626,2727,王品,908671,227715186,249.50,251.00,249.00,251.00,2.5000,682
1140626,2731,雄獅,1442247,232968859,158.00,164.50,157.50,164.00,6.5000,1383
1140626,2739,寒舍,38406,1569789,40.65,41.10,40.65,40.75,0.1500,45
1140626,2748,雲品,106610,5294639,49.10,50.00,48.90,49.70,0.6000,100
1140626,2753,八方雲集,129927,22664728,175.50,175.50,173.50,173.50,0.0000,223
1140626,2762,世界健身-KY,35490,2764410,77.40,78.50,77.40,77.70,-0.1000,52
1140626,2801,彰銀,29353114,556449491,18.90,19.05,18.80,19.00,0.0500,6486
1140626,2809,京城銀,5306396,276851229,52.20,52.50,51.90,52.10,-0.1000,2545
1140626,2812,台中銀,7639539,163939098,21.20,21.60,21.20,21.50,0.3500,2891
1140626,2816,旺旺保,243797,6378682,25.65,26.50,25.65,26.35,0.7000,181
1140626,2820,華票,1418425,21995029,15.50,15.55,15.45,15.55,0.0500,501
1140626,2832,台產,539025,17369142,31.95,32.55,31.95,32.20,0.3500,332
1140626,2834,臺企銀,23015453,355467219,15.30,15.60,15.30,15.45,0.1500,5449
1140626,2836,高雄銀,2314587,27460025,11.85,11.95,11.80,11.85,0.0500,703
1140626,2836A,高雄銀甲特,7400,167140,22.55,22.60,22.55,22.60,0.0000,8
1140626,2838,聯邦銀,6852344,122676732,17.50,18.15,17.50,18.05,0.5500,2384
1140626,2838A,聯邦銀甲特,45000,2468800,54.90,55.00,54.80,54.80,0.0000,31
1140626,2845,遠東銀,18920767,247383133,12.95,13.15,12.95,13.05,0.1500,3657
1140626,2849,安泰銀,224868,3045816,13.40,13.65,13.40,13.65,0.3000,166
1140626,2850,新產,1344546,138778073,103.50,103.50,103.00,103.00,0.5000,1150
1140626,2851,中再保,4896094,124090054,25.45,25.45,25.25,25.30,-0.0500,1980
1140626,2852,第一保,462017,13493028,29.25,29.30,29.10,29.30,0.2000,296
1140626,2855,統一證,2195237,48929504,22.20,22.45,22.10,22.25,0.2000,1170
1140626,2867,三商壽,5030131,25457434,5.03,5.10,5.01,5.05,0.0600,1282
1140626,2880,華南金,29284657,798190592,27.10,27.55,27.10,27.20,0.2000,7458
1140626,2881,富邦金,31023887,2666708263,86.00,86.40,85.60,86.10,0.4000,12154
1140626,2881A,富邦特,84401,5428477,64.30,64.40,64.30,64.30,0.0000,34
1140626,2881B,富邦金乙特,79638,4961530,62.30,62.40,62.30,62.40,0.1000,22
1140626,2881C,富邦金丙特,16498,873732,53.10,53.10,52.60,53.00,0.0000,30
1140626,2882,國泰金,42016211,2795556117,66.40,66.80,66.20,66.70,0.2000,13887
1140626,2882A,國泰特,66224,4125819,62.30,62.40,62.30,62.30,-0.1000,27
1140626,2882B,國泰金乙特,73646,4502238,61.10,61.20,61.10,61.20,0.0000,32
1140626,2883,凱基金,174199458,2842456314,16.10,16.40,16.00,16.40,0.3000,18587
1140626,2883B,凱基金乙特,2260237,17486280,7.71,7.76,7.71,7.75,0.0100,220
1140626,2884,玉山金,39048020,1263513281,32.25,32.50,32.15,32.40,0.1000,10968
1140626,2885,元大金,44766379,1517044115,34.00,34.15,33.65,33.85,-0.1500,13924
1140626,2886,兆豐金,28547021,1174087232,41.10,41.55,40.65,40.95,0.0000,12605
1140626,2887,台新金,79217858,1262077564,15.85,16.15,15.80,15.85,0.0500,10152
1140626,2887E,台新戊特,239255,12031535,50.30,50.30,50.20,50.30,0.0000,85
1140626,2887F,台新戊特二,117076,5343310,45.60,45.65,45.55,45.65,0.0500,62
1140626,2887Z1,台新己特,46395,728863,15.70,15.70,15.65,15.70,0.0000,27
1140626,2888,新光金,86601982,1038033379,11.55,11.70,11.50,11.60,0.1000,4603
1140626,2888A,新光金甲特,6044,228033,37.75,37.75,37.70,37.70,0.0000,25
1140626,2888B,新光金乙特,224594,8515630,37.95,37.95,37.85,37.90,0.0000,114
1140626,2889,國票金,4567143,61503460,13.35,13.55,13.35,13.45,0.1000,1846
1140626,2890,永豐金,40063481,972672759,24.35,24.45,24.05,24.30,-0.0500,8935
1140626,2891,中信金,57518948,2547202716,44.00,44.50,43.90,44.30,0.4000,18614
1140626,2891B,中信金乙特,305,19304,,,,,0.0000,10
1140626,2891C,中信金丙特,925,54941,,,,,0.0000,12
1140626,2892,第一金,37111217,1062406502,28.60,28.85,28.40,28.60,0.0000,8040
1140626,2897,王道銀行,6133337,56956125,9.25,9.34,9.23,9.27,0.0500,1132
1140626,2897B,王道銀乙特,36446,434793,11.95,11.95,11.90,11.90,0.0000,12
1140626,2901,欣欣,42117,1132211,26.00,27.50,26.00,27.00,1.0000,89
1140626,2903,遠百,2134172,45472153,21.15,21.45,21.00,21.35,0.3500,1314
1140626,2904,匯僑,22031,403986,18.40,18.40,18.25,18.40,0.0000,33
1140626,2905,三商,408116,5094519,12.35,12.60,12.35,12.45,0.2000,323
1140626,2906,高林,132389,2094972,15.60,15.90,15.60,15.85,0.2500,103
1140626,2908,特力,541418,10749031,19.90,19.95,19.75,19.95,0.2000,188
1140626,2910,統領,45001,994621,21.90,22.40,21.75,22.40,1.2000,31
1140626,2911,麗嬰房,84533,452731,5.41,5.49,5.10,5.45,0.3000,110
1140626,2912,統一超,1771718,457193151,258.50,260.00,257.00,258.50,0.0000,2139
1140626,2913,農林,1436953,22184455,15.15,15.70,15.15,15.35,0.2000,690
1140626,2915,潤泰全,1933667,104373819,53.80,54.40,53.50,53.80,0.2000,1223
1140626,2923,鼎固-KY,257438,6289738,23.85,25.00,23.70,25.00,1.6000,233
1140626,2929,淘帝-KY,369833,3334598,8.95,9.09,8.92,9.09,0.2100,252
1140626,2939,永邑-KY,6001,179029,30.00,30.00,29.50,29.50,0.5000,6
1140626,2945,三商家購,10568,414917,39.25,39.30,39.25,39.25,1.0500,22
1140626,3002,歐格,124246,1673918,13.35,13.70,13.35,13.65,0.2000,65
1140626,3003,健和興,272446,13930767,50.30,51.50,50.30,51.00,0.8000,227
1140626,3004,豐達科,996400,136862921,139.00,141.00,135.00,135.00,-3.5000,904
1140626,3005,神基,13611794,1548104188,113.50,116.00,111.50,113.00,0.0000,8782
1140626,3006,晶豪科,1576907,89607557,56.10,57.60,56.10,56.40,0.4000,1176
1140626,3008,大立光,620810,1454019475,2380.00,2385.00,2315.00,2330.00,-35.0000,3763
1140626,3010,華立,3656845,344096066,92.30,95.70,92.00,93.80,2.5000,2813
1140626,3011,今皓,202796,2389811,11.60,12.00,11.60,11.85,0.2500,146
1140626,3013,晟銘電,15312447,2026167176,134.00,135.00,130.50,131.00,-3.0000,11070
1140626,3014,聯陽,2233257,310681408,140.00,140.00,138.00,138.50,0.5000,2087
1140626,3015,全漢,684029,39528094,56.90,58.40,56.80,57.20,0.7000,658
1140626,3016,嘉晶,3302531,113544583,32.30,35.20,32.30,34.50,2.2000,2638
1140626,3017,奇鋐,5830136,4289717701,752.00,752.00,725.00,738.00,-7.0000,8345
1140626,3018,隆銘綠能,18721,374305,19.90,20.25,19.90,19.95,0.1500,50
1140626,3019,亞光,16838828,2399416672,141.00,144.00,141.00,141.00,1.0000,12765
1140626,3021,鴻名,106294,1914214,18.20,18.20,17.75,18.20,0.1500,86
1140626,3022,威強電,532043,41981485,78.20,79.30,78.20,78.70,0.6000,501
1140626,3023,信邦,4152486,908437217,219.00,221.50,217.00,218.50,-1.5000,2677
1140626,3024,憶聲,568551,7793011,13.60,13.80,13.60,13.65,0.0500,250
1140626,3025,星通,184398,9195674,49.50,50.20,49.25,49.75,0.5000,247
1140626,3026,禾伸堂,266091,20675015,77.80,78.20,77.30,77.40,-0.4000,321
1140626,3027,盛達,199350,6218995,30.80,31.55,30.80,31.05,-0.0500,176
1140626,3028,增你強,159607,5414574,33.90,34.00,33.85,33.95,0.1500,172
1140626,3029,零壹,704775,75740608,107.00,108.00,107.00,107.00,1.0000,910
1140626,3030,德律,10580820,1555110140,143.00,150.00,142.00,148.00,6.0000,8529
1140626,3031,佰鴻,136807,2463147,17.85,18.15,17.80,17.85,0.0000,128
1140626,3032,偉訓,29337178,2544497102,87.70,88.50,84.80,86.50,-0.4000,19374
1140626,3033,威健,781828,26238995,33.30,33.80,33.30,33.50,0.2500,571
1140626,3034,聯詠,3577651,1914243432,540.00,540.00,531.00,531.00,-4.0000,2928
1140626,3035,智原,9213858,1700417667,188.00,189.00,182.00,182.50,-4.0000,9074
1140626,3036,文曄,39768044,5460307036,128.00,140.00,126.00,140.00,12.5000,17958
1140626,3036A,文曄甲特,95533,4887979,51.10,51.30,51.10,51.20,0.1000,44
1140626,3037,欣興,18058164,2059273489,114.00,115.50,112.50,114.00,0.0000,9664
1140626,3038,全台,88370,1977426,22.20,22.50,22.20,22.35,0.2500,114
1140626,3040,遠見,1302986,83235695,62.60,64.90,62.50,63.50,0.1000,950
1140626,3041,揚智,687524,17619642,25.45,25.90,25.40,25.50,0.3000,487
1140626,3042,晶技,4454198,376286323,84.90,85.80,83.80,83.80,-0.7000,3697
1140626,3043,科風,78581,1838733,23.65,23.65,23.20,23.20,-0.3500,81
1140626,3044,健鼎,3736135,906431733,244.00,245.00,240.50,243.00,0.5000,3135
1140626,3045,台灣大,30137221,3446483620,115.50,116.00,113.50,114.00,-2.0000,6595
1140626,3046,建碁,186900,9509794,51.10,51.40,50.30,50.80,0.0000,212
1140626,3047,訊舟,1224742,22709050,18.45,18.70,18.40,18.45,0.2000,773
1140626,3048,益登,1946025,53442136,27.45,27.70,27.10,27.20,-0.1500,1297
1140626,3049,精金,815765,5013313,6.07,6.18,6.05,6.12,0.0500,385
1140626,3050,鈺德,413048,5422114,13.05,13.20,13.05,13.15,0.1500,234
1140626,3051,力特,248546,6671994,26.55,27.10,26.50,26.90,0.3500,221
1140626,3052,夆典,490751,6683847,13.60,13.75,13.45,13.45,-0.1000,275
1140626,3054,立萬利,10000,237800,23.75,23.80,23.75,23.75,0.0000,10
1140626,3055,蔚華科,610589,39422395,65.00,65.40,63.80,64.30,-0.1000,632
1140626,3056,富華新,992052,33366833,33.45,33.70,33.45,33.60,0.2000,866
1140626,3057,喬鼎,176894,1913749,10.80,10.95,10.70,10.90,0.0500,133
1140626,3058,立德,871168,8773545,10.00,10.30,9.95,10.00,0.0000,578
1140626,3059,華晶科,3078369,124650183,40.05,41.00,40.05,40.10,0.2500,2114
1140626,3060,銘異,391191,8681005,21.90,22.40,21.80,22.20,0.5000,316
1140626,3062,建漢,3291085,81207824,24.90,25.00,24.30,24.60,-0.0500,1910
1140626,3090,日電貿,1364445,102777735,76.10,76.10,74.80,74.80,-0.8000,1275
1140626,3092,鴻碩,151791,2808420,18.00,18.90,18.00,18.50,0.2500,137
1140626,3094,聯傑,158370,4079447,25.65,26.25,25.25,25.55,0.2000,117
1140626,3130,一零四,18490,4242758,229.00,230.00,229.00,229.50,0.0000,113
1140626,3138,耀登,106990,9396353,85.80,88.90,85.80,87.00,1.2000,297
1140626,3149,正達,2234608,73948185,33.40,33.70,32.80,32.90,-0.1000,1349
1140626,3150,鈺寶-創,19000,436950,22.75,23.20,22.60,22.60,-0.4000,16
1140626,3164,景岳,12899,263223,20.25,20.55,20.20,20.50,0.1500,34
1140626,3167,大量,14042218,1726673628,121.00,125.50,119.00,122.50,2.5000,9147
1140626,3168,眾福科,41151,1835424,44.10,44.95,44.00,44.80,0.4000,24
1140626,3189,景碩,2249014,191426667,85.50,86.00,84.40,84.80,-0.7000,2087
1140626,3209,全科,264833,9991451,37.55,37.95,37.55,37.60,-0.0500,263
1140626,3229,晟鈦,20659,290682,14.00,14.40,13.95,14.00,0.0000,28
1140626,3231,緯創,63202981,7913372619,127.00,127.00,123.50,125.00,-0.5000,30221
1140626,3257,虹冠電,550988,33735559,60.90,61.80,60.70,61.00,0.5000,419
1140626,3266,昇陽,85097,1326576,15.30,15.90,15.30,15.45,0.3000,78
1140626,3296,勝德,127246,2362610,18.45,18.75,18.35,18.50,-0.1500,244
1140626,3305,昇貿,396313,23003306,57.50,58.70,57.20,57.90,0.7000,312
1140626,3308,聯德,142427,2586474,17.95,18.40,17.95,18.15,0.4000,103
1140626,3311,閎暉,123277,4018085,32.70,32.85,32.45,32.50,-0.3000,193
1140626,3312,弘憶股,986792,49207714,49.70,50.20,49.50,49.50,0.3500,700
1140626,3321,同泰,50006,305574,6.20,6.22,6.05,6.22,0.0200,100
1140626,3338,泰碩,187902,10082098,53.80,54.10,53.30,53.30,-0.3000,325
1140626,3346,麗清,244442,6111604,24.50,25.35,24.40,25.05,0.5500,189
1140626,3356,奇偶,262718,13176628,50.40,50.40,49.90,50.00,0.0000,238
1140626,3376,新日興,17680501,3977372469,221.50,230.00,221.00,222.00,3.0000,13820
1140626,3380,明泰,608697,17870513,29.60,29.60,29.15,29.20,-0.2000,545
1140626,3406,玉晶光,892828,368082314,414.00,417.50,408.50,408.50,-4.0000,1366
1140626,3413,京鼎,1302695,399842073,314.00,314.00,303.50,303.50,-8.5000,7246
1140626,3416,融程電,263524,36626914,137.50,140.00,137.50,139.00,2.5000,258
1140626,3419,譁裕,218495,2834148,12.85,13.15,12.65,13.00,0.3500,144
1140626,3432,台端,21678,329274,14.30,16.00,14.30,15.20,0.4000,23
1140626,3437,榮創,224222,3456560,15.40,15.50,15.05,15.25,0.0000,162
1140626,3443,創意,3345842,4078888195,1225.00,1235.00,1200.00,1215.00,-10.0000,5508
1140626,3447,展達,873025,42359843,47.40,49.40,47.20,48.40,1.8500,713
1140626,3450,聯鈞,18854784,4114548936,214.00,222.50,214.00,216.00,3.0000,14909
1140626,3454,晶睿,150969,16549126,107.00,110.50,107.00,109.50,2.0000,178
1140626,3481,群創,54739606,638186535,11.50,11.85,11.45,11.60,0.2000,10714
1140626,3494,誠研,119970,1690874,14.00,14.20,13.90,14.05,-0.1500,114
1140626,3501,維熹,2606352,160596860,60.60,62.90,59.90,59.90,2.6000,2200
1140626,3504,揚明光,141481,6636279,47.10,47.45,46.40,46.50,-0.3000,155
1140626,3515,華擎,662968,159779881,242.00,245.50,238.50,239.50,0.0000,874
1140626,3518,柏騰,219319,3535767,16.45,16.45,15.90,16.00,-0.2500,184
1140626,3528,安馳,869825,66047388,75.30,76.70,75.20,75.70,1.2000,697
1140626,3530,晶相光,47519,2847579,59.50,60.80,59.40,59.40,0.0000,73
1140626,3532,台勝科,1070801,85501224,77.40,81.50,76.80,80.20,3.3000,1037
1140626,3533,嘉澤,816706,1117449660,1395.00,1395.00,1355.00,1355.00,-45.0000,2132
1140626,3535,晶彩科,2681384,115293786,42.50,43.70,42.50,42.85,0.2500,1987
1140626,3543,州巧,53005,1055600,19.50,20.15,19.50,20.10,0.5000,52
1140626,3545,敦泰,1141820,71418492,61.20,64.00,61.20,62.70,1.6000,824
1140626,3550,聯穎,176761,2590121,14.70,14.80,14.50,14.55,-0.0500,128
1140626,3557,嘉威,208160,9647795,46.50,46.70,46.00,46.20,0.0000,223
1140626,3563,牧德,1603483,895381598,575.00,577.00,551.00,552.00,-17.0000,2649
1140626,3576,聯合再生,3124289,20766699,6.55,6.72,6.55,6.60,-0.0100,1416
1140626,3583,辛耘,2129563,764703281,360.00,366.00,354.00,354.00,-6.0000,3155
1140626,3588,通嘉,82423,3898720,46.35,47.60,46.35,47.00,0.5500,119
1140626,3591,艾笛森,197962,3622930,17.95,18.45,17.95,18.30,0.3000,194
1140626,3592,瑞鼎,258425,94419002,369.50,369.50,364.00,364.00,-3.5000,366
1140626,3593,力銘,12004,87678,7.35,7.35,7.30,7.30,0.0400,9
1140626,3596,智易,3995180,787943560,199.50,201.50,195.50,197.50,-1.0000,2893
1140626,3605,宏致,4487208,265602511,60.30,60.40,58.30,58.30,-1.6000,3383
1140626,3607,谷崧,257847,3960541,15.10,15.50,15.05,15.35,0.3000,170
1140626,3617,碩天,1254560,326794009,257.50,265.00,256.50,261.50,7.5000,2371
1140626,3622,洋華,181055,9615494,53.00,53.40,52.90,52.90,0.0000,135
1140626,3645,達邁,3406166,205581204,61.40,61.60,59.20,59.20,-1.8000,2918
1140626,3652,精聯,127491,3657306,28.60,29.00,28.05,28.75,0.4000,142
1140626,3653,健策,816075,1215297635,1500.00,1505.00,1470.00,1490.00,5.0000,1034
1140626,3661,世芯-KY,2797766,8080342150,2945.00,2950.00,2835.00,2880.00,0.0000,6571
1140626,3665,貿聯-KY,3892948,3109277466,815.00,816.00,782.00,803.00,-7.0000,4849
1140626,3669,圓展,61313,2088350,33.90,34.20,33.90,33.90,0.2000,87
1140626,3673,TPK-KY,1048354,33320921,31.30,32.00,31.30,31.75,0.4500,654
1140626,3679,新至陞,55228,7134971,128.00,130.00,128.00,129.50,1.5000,89
1140626,3686,達能,590729,9571977,15.70,16.80,15.70,16.55,0.7500,259
1140626,3694,海華,968584,56917447,58.90,59.40,58.30,58.50,-0.2000,786
1140626,3701,大眾控,245384,8082503,32.90,33.40,32.60,32.75,0.0000,222
1140626,3702,大聯大,7532715,517908100,68.70,69.70,68.40,68.50,0.4000,4003
1140626,3703,欣陸,624693,14593369,23.05,23.60,23.05,23.30,0.2500,407
1140626,3704,合勤控,865717,24277396,27.95,28.25,27.80,27.85,0.2000,617
1140626,3705,永信,587997,35438023,60.80,60.80,59.80,60.20,-0.1000,701
1140626,3706,神達,55543878,3725913536,67.50,67.90,66.20,66.90,0.0000,32465
1140626,3708,上緯投控,376496,27075435,71.60,72.60,71.20,71.40,0.3000,424
1140626,3711,日月光投控,16379418,2486897785,151.50,153.00,150.00,152.50,-0.5000,8183
1140626,3712,永崴投控,566418,26704440,47.10,47.50,46.70,46.85,0.1500,508
1140626,3714,富采,1874080,68208872,35.90,36.90,35.90,35.95,0.3500,1577
1140626,3715,定穎投控,17366855,828455546,47.60,49.00,46.30,48.20,0.9500,10932
1140626,3716,中化控股,76868,2785890,35.90,36.45,35.90,36.30,0.6500,99
1140626,4104,佳醫,45309,3835366,84.20,85.00,84.20,84.70,0.4000,137
1140626,4106,雃博,68475,1524680,21.90,22.45,21.90,22.35,0.2000,87
1140626,4108,懷特,76393,1069356,13.80,14.15,13.80,13.95,0.0500,105
1140626,4119,旭富,86552,5558114,63.80,64.50,63.80,64.10,0.4000,112
1140626,4133,亞諾法,441042,12122528,26.35,28.80,26.35,27.90,1.6500,357
1140626,4137,麗豐-KY,75465,8843547,116.00,118.00,116.00,117.00,1.0000,84
1140626,4142,國光生,652461,10983656,16.75,17.00,16.75,16.75,0.0000,405
1140626,4148,全宇生技-KY,12270,525552,41.30,43.35,41.30,43.35,1.2500,17
1140626,4155,訊映,108022,1783243,16.30,16.80,16.25,16.70,0.4000,132
1140626,4164,承業醫,1273001,59143864,46.25,46.95,46.25,46.40,0.0000,878
1140626,4190,佐登-KY,11175,393158,35.10,35.50,35.00,35.00,-0.1000,58
1140626,4306,炎洲,1201398,19002075,15.70,15.95,15.70,15.85,0.1500,638
1140626,4414,如興,422573,1322059,3.07,3.15,3.07,3.13,0.0100,161
1140626,4426,利勤,80524,842594,10.55,10.65,10.30,10.40,-0.1000,82
1140626,4438,廣越,39019,3079791,78.50,79.80,78.50,78.50,0.5000,37
1140626,4439,冠星-KY,11101,980205,88.00,89.50,88.00,89.50,2.9000,14
1140626,4440,宜新實業,35119,586303,16.75,16.85,16.55,16.85,0.1000,23
1140626,4526,東台,2619583,69382629,26.25,26.90,26.10,26.25,0.2000,1462
1140626,4532,瑞智,1934588,47725483,24.60,24.95,24.50,24.65,0.1000,1186
1140626,4536,拓凱,147597,27622216,186.00,188.50,186.00,186.50,0.5000,180
1140626,4540,全球傳動,2276145,91564496,39.45,41.00,39.35,39.80,0.9000,1729
1140626,4545,銘鈺,57452,1853012,32.20,32.55,31.90,32.15,0.2500,63
1140626,4551,智伸科,5085876,653820249,127.00,134.00,123.50,126.50,1.0000,3903
1140626,4552,力達-KY,46024,1060065,23.20,23.20,22.75,23.05,0.1000,45
1140626,4555,氣立,179569,6599794,36.60,37.45,36.00,36.00,0.1000,180
1140626,4557,永新-KY,37651,3854680,102.50,103.00,101.50,101.50,-1.0000,53
1140626,4560,強信-KY,258121,10280742,40.00,40.45,38.90,39.40,-0.7500,135
1140626,4562,穎漢,7539913,448044449,58.60,60.80,57.80,59.30,2.0000,5277
1140626,4564,元翎,1989314,33136744,15.55,17.00,15.55,16.55,1.0500,3346
1140626,4566,時碩工業,2393484,146463301,60.70,62.00,60.20,60.50,0.3000,1868
1140626,4569,六方科-KY,50777,7982419,155.50,161.00,155.00,155.00,-0.5000,145
1140626,4571,鈞興-KY,6215394,1094375909,164.50,178.50,164.50,175.50,13.0000,6755
1140626,4572,駐龍,119519,19748480,167.00,167.00,164.50,165.00,-1.0000,161
1140626,4576,大銀微系統,9214910,1175626211,119.50,130.00,119.50,125.00,6.5000,7577
1140626,4581,光隆精密-KY,10009,539779,54.70,54.70,53.50,53.50,0.2000,12
1140626,4583,台灣精銳,2622430,2289283163,835.00,905.00,835.00,847.00,16.0000,4218
1140626,4588,玖鼎電力,28293,2067154,71.90,73.90,71.90,73.00,0.4000,34
1140626,4720,德淵,217293,3503690,16.00,16.25,15.95,16.10,0.1500,114
1140626,4722,國精化,3302328,227099831,70.80,71.50,67.30,67.70,-2.9000,2746
1140626,4736,泰博,61946,7819953,126.00,127.00,125.50,126.00,0.5000,128
1140626,4737,華廣,37001,2795274,75.60,76.10,75.20,75.20,-0.4000,33
1140626,4739,康普,1717236,90839470,50.80,53.40,50.10,53.40,4.8000,917
1140626,4746,台耀,219826,15279210,68.70,69.90,68.70,69.30,0.6000,295
1140626,4755,三福化,241818,27877585,114.00,116.50,112.50,115.50,1.5000,484
1140626,4764,雙鍵,11074,472115,42.45,43.00,42.40,42.55,0.1500,12
1140626,4766,南寶,202576,62888469,311.50,313.50,309.00,309.50,-1.0000,349
1140626,4770,上品,1630995,424300410,265.00,266.50,254.00,257.00,-5.0000,1741
1140626,4771,望隼,39560,7311273,183.00,186.00,183.00,184.00,0.0000,40
1140626,4807,日成-KY,28481,463621,16.30,16.45,16.10,16.20,0.1000,30
1140626,4904,遠傳,25407095,2250410638,89.00,89.50,87.90,88.30,-0.7000,10719
1140626,4906,正文,1551524,40554535,25.80,26.40,25.80,26.25,0.5500,796
1140626,4912,聯德控股-KY,88572,7201760,81.60,82.50,80.70,81.10,-0.9000,200
1140626,4915,致伸,7146859,517300136,73.10,74.00,71.70,72.70,-0.1000,5157
1140626,4916,事欣科,2653327,113122426,43.00,43.40,42.20,42.20,-0.9000,2081
1140626,4919,新唐,1402971,105110932,74.20,75.70,74.10,74.40,0.3000,1127
1140626,4927,泰鼎-KY,1644857,38538538,23.20,23.70,23.05,23.20,0.3000,1001
1140626,4930,燦星網,24554,569855,23.00,23.35,23.00,23.25,0.2500,132
1140626,4934,太極,293642,3431899,11.55,11.80,11.55,11.60,0.0500,170
1140626,4935,茂林-KY,57320,2267800,38.55,40.00,38.55,40.00,1.3500,60
1140626,4938,和碩,12772296,966656384,75.70,76.40,75.20,75.20,-0.4000,5656
1140626,4942,嘉彰,163400,6327851,38.65,38.85,38.60,38.70,-0.0500,131
1140626,4943,康控-KY,8690,81959,9.45,9.48,9.45,9.48,-0.2200,26
1140626,4949,有成精密,6546787,374600307,57.70,58.50,56.50,56.70,-0.1000,4062
1140626,4952,凌通,984814,41806950,42.50,43.75,40.80,40.80,0.4000,711
1140626,4956,光鋐,385367,10216424,26.75,26.85,26.30,26.30,-0.1500,313
1140626,4958,臻鼎-KY,4988611,495730692,100.00,100.50,98.70,98.70,-1.3000,3028
1140626,4960,誠美材,1437827,19767626,13.75,13.90,13.60,13.70,-0.1000,697
1140626,4961,天鈺,1111437,238632433,214.50,217.50,212.50,214.00,4.0000,830
1140626,4967,十銓,836136,63406367,76.40,76.80,75.00,75.00,-0.9000,769
1140626,4968,立積,942728,115131512,122.00,123.50,120.50,120.50,0.0000,973
1140626,4976,佳凌,310823,9140462,29.30,29.80,29.15,29.50,0.1500,306
1140626,4977,眾達-KY,3648339,344531027,95.00,95.90,93.00,93.10,-1.1000,3317
1140626,4989,榮科,328437,5064340,14.50,15.80,14.50,15.80,1.4000,259
1140626,4994,傳奇,17015,1622925,95.70,95.70,94.50,94.50,-1.0000,18
1140626,4999,鑫禾,59499,1453313,24.15,24.60,24.15,24.30,-0.3000,188
1140626,5007,三星,556483,29029383,53.60,53.90,53.00,53.70,0.1000,56
1140626,5203,訊連,203449,21881210,107.50,109.00,106.50,106.50,-1.5000,272
1140626,5215,科嘉-KY,19535,736133,37.55,38.10,37.50,37.90,0.3500,30
1140626,5222,全訊,168477,18920629,110.50,114.00,110.50,113.00,2.5000,204
1140626,5225,東科-KY,230636,19476884,86.10,86.10,83.60,83.60,-2.0000,384
1140626,5234,達興材料,1977975,563686985,287.00,293.50,279.50,281.50,-5.5000,2745
1140626,5243,乙盛-KY,544976,31233636,57.40,58.00,57.00,57.20,0.4000,437
1140626,5244,弘凱,2294854,109377702,47.50,48.55,47.05,47.05,-0.4500,1683
1140626,5258,虹堡,328234,20411474,62.10,62.80,61.50,62.60,0.6000,348
1140626,5269,祥碩,1420702,2777755630,1950.00,2000.00,1925.00,1945.00,15.0000,1939
1140626,5283,禾聯碩,55882,4504289,80.30,80.90,80.30,80.60,0.2000,72
1140626,5284,jpp-KY,1128595,225110784,203.50,204.00,197.00,198.00,-4.0000,1530
1140626,5285,界霖,479322,23975320,47.60,51.80,47.60,49.90,2.3500,396
1140626,5288,豐祥-KY,161331,22275097,136.50,139.50,136.50,138.00,2.5000,188
1140626,5292,華懋,59158,9168148,155.00,156.50,152.50,152.50,-2.0000,131
1140626,5306,桂盟,191049,17736049,91.40,93.40,91.40,92.40,1.7000,275
1140626,5388,中磊,2656564,267493747,101.00,103.00,99.60,100.00,0.0000,2390
1140626,5434,崇越,709004,198091730,281.50,282.00,278.00,280.00,-2.0000,822
1140626,5469,瀚宇博,4788933,295364071,61.20,62.40,60.90,61.30,0.7000,5671
1140626,5471,松翰,219127,7296692,33.35,33.65,33.05,33.05,0.2500,248
1140626,5484,慧友,255705,9814958,37.75,39.35,37.55,37.55,-0.1000,261
1140626,5515,建國,286126,7805892,27.10,27.45,27.10,27.20,0.1000,192
1140626,5519,隆大,134607,4056605,30.00,30.40,29.95,30.05,0.1000,138
1140626,5521,工信,669131,8035807,12.00,12.10,11.95,11.95,0.0500,282
1140626,5522,遠雄,997235,64380375,63.30,65.50,63.20,64.80,0.0000,934
1140626,5525,順天,66613,2207293,32.90,33.45,32.85,33.15,0.2500,59
1140626,5531,鄉林,697089,6563190,9.30,9.55,9.29,9.37,0.1600,455
1140626,5533,皇鼎,100702,1702061,16.75,17.10,16.70,17.10,0.0000,108
1140626,5534,長虹,676369,57766616,84.90,85.90,84.50,85.50,1.0000,596
1140626,5538,東明-KY,26029,818860,30.95,31.95,30.95,31.00,0.0500,30
1140626,5546,永固-KY,10000,302000,30.05,30.45,30.05,30.30,0.2500,10
1140626,5607,遠雄港,226437,9477251,41.80,42.20,41.25,41.75,0.2500,275
1140626,5608,四維航,490276,7786888,15.70,16.05,15.70,15.75,0.0500,370
1140626,5706,鳳凰,440383,27107431,60.30,62.50,60.30,62.20,1.9000,484
1140626,5871,中租-KY,7374296,921400839,123.00,126.00,123.00,125.00,2.0000,4878
1140626,5871A,中租-KY甲特,56275,5739912,102.00,102.00,102.00,102.00,0.5000,30
1140626,5876,上海商銀,15401685,729209407,46.85,47.50,46.70,47.50,0.6000,6347
1140626,5880,合庫金,12770127,318160981,24.85,25.00,24.75,24.90,0.0500,4224
1140626,5906,台南-KY,60439,3020697,49.90,50.50,49.10,49.10,0.0000,36
1140626,5907,大洋-KY,219957,1443744,6.46,6.66,6.45,6.56,0.2000,150
1140626,6005,群益證,10222695,205862199,20.05,20.30,20.05,20.15,0.2000,2978
1140626,6024,群益期,110396,5229025,46.75,47.55,46.75,47.40,0.6500,185
1140626,6108,競國,111457,1571741,13.95,14.25,13.95,13.95,-0.0500,86
1140626,6112,邁達特,874381,44567525,51.30,51.80,50.40,50.40,-0.8000,777
1140626,6115,鎰勝,104990,5459844,51.50,52.20,51.50,52.10,0.2000,82
1140626,6116,彩晶,7877867,56779137,7.05,7.30,7.05,7.16,0.1200,2749
1140626,6117,迎廣,1558343,149494439,97.50,97.50,95.20,95.20,-1.5000,1654
1140626,6120,達運,701089,7663050,10.90,11.05,10.75,10.85,0.1000,422
1140626,6128,上福,62926,1914802,30.30,30.65,30.30,30.40,0.1000,53
1140626,6133,金橋,195206,2767598,14.05,14.30,14.05,14.10,0.0000,132
1140626,6136,富爾特,255625,6135814,24.10,24.10,23.95,24.00,-0.1000,176
1140626,6139,亞翔,14906660,4919300265,334.00,336.00,322.50,334.00,-4.0000,13165
1140626,6141,柏承,1274931,16155812,13.10,13.20,12.40,12.45,-0.6000,761
1140626,6142,友勁,395328,3736701,9.43,9.55,9.34,9.45,0.0000,186
1140626,6152,百一,572433,4891759,8.35,8.74,8.30,8.51,0.1600,278
1140626,6153,嘉聯益,22682777,307620875,12.80,13.75,12.75,13.75,1.2500,5282
1140626,6155,鈞寶,34529,776526,22.55,22.70,22.35,22.45,0.0000,34
1140626,6164,華興,157633,1722245,10.80,11.00,10.80,10.95,0.1500,127
1140626,6165,浪凡,455112,25815135,56.50,57.30,56.20,56.90,0.3000,354
1140626,6166,凌華,498024,31650609,62.60,64.20,62.60,62.90,0.3000,496
1140626,6168,宏齊,195498,3169165,15.95,16.35,15.95,16.05,0.1000,168
1140626,6176,瑞儀,2941453,395514860,136.00,136.00,133.50,135.50,0.5000,2463
1140626,6177,達麗,833958,40273758,47.95,48.70,47.70,48.20,0.5000,847
1140626,6183,關貿,27431,2545918,92.00,93.60,91.20,93.20,1.2000,52
1140626,6184,大豐電,137511,7017018,51.20,51.30,50.80,50.80,-0.3000,129
1140626,6189,豐藝,2193761,165328284,73.50,76.40,73.00,75.50,2.4000,2328
1140626,6191,精成科,20172743,1644543742,82.30,83.50,80.60,80.60,-1.4000,11100
1140626,6192,巨路,86056,8426053,97.30,98.50,97.30,97.50,-0.3000,177
1140626,6196,帆宣,1360436,253386479,188.00,188.50,184.50,188.50,0.5000,1792
1140626,6197,佳必琪,838762,119040977,143.50,143.50,140.50,140.50,-1.5000,1233
1140626,6201,亞弘電,11047,670484,60.20,61.10,60.20,61.00,0.7000,15
1140626,6202,盛群,327383,14208936,42.95,43.85,42.95,43.30,0.2500,315
1140626,6205,詮欣,148189,6849552,45.50,46.70,45.40,46.15,1.0000,137
1140626,6206,飛捷,1445519,170893200,118.50,120.50,117.00,117.00,-2.0000,1536
1140626,6209,今國光,368055,9318158,25.15,25.50,25.15,25.30,0.1500,230
1140626,6213,聯茂,5644786,495356879,88.30,89.30,86.80,87.20,-0.3000,3718
1140626,6214,精誠,920662,96429741,104.50,105.50,103.50,104.50,0.5000,863
1140626,6215,和椿,11488062,1218784327,103.00,109.00,103.00,104.50,1.5000,7757
1140626,6216,居易,116425,3722749,31.50,32.20,31.50,31.70,-0.2000,125
1140626,6224,聚鼎,76633,3623490,46.50,47.70,46.50,47.25,0.5500,69
1140626,6225,天瀚,27000,306850,11.35,11.65,11.20,11.30,0.0500,20
1140626,6226,光鼎,92238,645064,6.90,7.04,6.90,6.94,-0.0300,55
1140626,6230,尼得科超眾,109490,14550594,134.00,134.00,130.50,131.50,2.0000,164
1140626,6235,華孚,544857,28704632,52.30,53.20,52.20,52.30,0.4000,499
1140626,6239,力成,3180223,420872188,133.00,134.00,131.50,131.50,-0.5000,2845
1140626,6243,迅杰,110585,4293170,39.60,39.60,38.40,38.40,-0.5000,143
1140626,6257,矽格,9574052,771825235,80.40,81.70,79.90,80.80,0.4000,6218
1140626,6269,台郡,15255686,833740079,52.30,56.30,52.30,56.10,3.2000,10168
1140626,6271,同欣電,439514,46789552,106.50,107.00,105.50,106.50,1.0000,500
1140626,6277,宏正,125722,7398818,58.70,59.20,58.60,58.80,0.3000,132
1140626,6278,台表科,1252402,135317833,110.00,110.00,107.00,107.00,-2.5000,1460
1140626,6281,全國電,15787,1141011,72.70,72.80,71.70,72.00,-0.7000,42
1140626,6282,康舒,1996200,52884721,26.10,26.65,26.05,26.50,0.4500,1276
1140626,6283,淳安,131048,2761300,21.00,21.25,20.85,21.15,0.3000,89
1140626,6285,啟碁,2795822,341479100,121.00,123.00,120.50,123.00,2.0000,1997
1140626,6288,聯嘉,262354,5222278,19.70,20.05,19.65,19.80,0.0000,162
1140626,6405,悅城,79329,1989711,24.65,25.35,24.65,24.85,-0.0500,78
1140626,6409,旭隼,142983,186298940,1300.00,1315.00,1295.00,1300.00,0.0000,325
1140626,6412,群電,3053983,334592740,109.00,112.50,107.50,109.50,1.0000,1935
1140626,6414,樺漢,848885,258888172,306.00,307.50,304.00,304.50,-1.5000,1839
1140626,6415,矽力*-KY,1411761,521815846,373.50,374.00,366.50,367.00,-1.5000,1446
1140626,6416,瑞祺電通,96447,8898801,92.80,93.10,91.50,91.50,-0.6000,115
1140626,6423,億而得-創,25629,2435397,95.00,95.20,94.80,94.90,0.4000,37
1140626,6426,統新,459823,34593903,72.60,76.80,72.60,75.00,2.5000,440
1140626,6431,光麗-KY,29180,491557,16.90,17.10,16.65,16.65,-0.2500,44
1140626,6438,迅得,1567010,273138099,176.00,177.00,172.50,172.50,-3.0000,1580
1140626,6442,光聖,4765356,2292083837,460.50,493.00,460.50,481.00,22.0000,5563
1140626,6443,元晶,4427097,66939692,14.75,15.30,14.70,15.10,0.3500,2322
1140626,6446,藥華藥,907217,498908369,548.00,554.00,546.00,552.00,7.0000,1548
1140626,6449,鈺邦,268388,30144818,115.50,115.50,111.00,111.00,-3.0000,351
1140626,6451,訊芯-KY,793209,114681170,144.50,146.50,143.00,143.00,-1.0000,777
1140626,6456,GIS-KY,761559,31444800,40.95,41.90,40.90,40.95,-0.0500,488
1140626,6464,台數科,16223,1310974,80.60,81.00,80.60,80.70,0.1000,21
1140626,6472,保瑞,585878,478088400,820.00,822.00,811.00,812.00,-2.0000,1257
1140626,6477,安集,176468,5228980,29.25,29.85,29.25,29.55,0.2000,183
1140626,6491,晶碩,126554,38303249,301.00,305.00,299.50,302.50,1.5000,325
1140626,6504,南六,42469,2578316,61.00,61.00,60.20,60.50,0.0000,42
1140626,6505,台塑化,7607325,280584829,36.30,37.30,36.20,36.85,0.7500,3812
1140626,6515,穎崴,803059,998189900,1280.00,1285.00,1225.00,1225.00,-50.0000,2928
1140626,6525,捷敏-KY,97105,6494198,66.00,67.10,66.00,66.90,0.7000,99
1140626,6526,達發,340915,185664235,544.00,552.00,538.00,538.00,-2.0000,784
1140626,6531,愛普*,1680002,493103616,295.50,298.00,289.50,289.50,-2.5000,1834
1140626,6533,晶心科,496978,137871337,276.50,282.00,273.50,274.00,0.0000,669
1140626,6534,正瀚-創,15002,1169050,78.20,78.40,77.10,78.10,-0.1000,14
1140626,6541,泰福-KY,136510,7094261,51.00,52.30,51.00,51.90,1.0000,130
1140626,6550,北極星藥業-KY,688687,26903284,38.30,39.60,37.75,39.30,1.0500,520
1140626,6552,易華電,20461,523548,25.60,25.75,25.50,25.50,0.2000,25
1140626,6558,興能高,19545757,1046905450,50.70,54.10,50.70,54.10,4.8500,7251
1140626,6573,虹揚-KY,37085,363756,9.67,9.98,9.66,9.95,0.2800,25
1140626,6579,研揚,315438,38829713,122.50,125.50,122.50,122.50,0.0000,272
1140626,6581,鋼聯,50246,5480280,109.00,110.50,108.00,109.50,0.0000,26
1140626,6582,申豐,45156,1638577,35.85,36.55,35.75,36.40,0.5500,46
1140626,6585,鼎基,109258,13034687,120.00,120.50,118.00,118.00,-1.0000,146
1140626,6591,動力-KY,18287969,1355576673,78.00,78.20,70.20,70.20,-7.6000,13043
1140626,6592,和潤企業,371741,25698433,68.50,69.90,68.50,69.10,0.0000,685
1140626,6592A,和潤企業甲特,16080,1502147,93.00,93.60,93.00,93.60,0.0000,26
1140626,6592B,和潤企業乙特,38105,3597036,93.60,94.80,93.60,94.60,0.0000,45
1140626,6598,ABC-KY,54678,1079417,19.30,19.90,19.30,19.60,-0.1500,66
1140626,6605,帝寶,1311633,252165463,189.00,194.00,186.50,193.00,5.0000,1343
1140626,6606,建德工業,55001,1351324,24.55,24.80,24.40,24.65,0.1000,31
1140626,6625,必應,551550,50784156,93.50,94.20,90.40,91.40,-2.1000,3863
1140626,6641,基士德-KY,17259,390930,23.20,23.20,22.35,22.35,-0.8500,16
1140626,6645,金萬林-創,32185,641900,19.75,20.25,19.55,19.55,0.0000,56
1140626,6655,科定,9081,1128051,123.00,126.50,123.00,126.50,3.5000,13
1140626,6657,華安,1594478,108423027,63.30,69.50,63.30,68.70,5.4000,2617
1140626,6658,聯策,10620381,961499722,84.90,92.10,84.60,88.90,5.1000,6256
1140626,6666,羅麗芬-KY,12016,496463,41.15,41.95,40.65,41.50,0.1500,18
1140626,6668,中揚光,268595,13142468,48.95,49.35,48.50,48.80,-0.4000,242
1140626,6669,緯穎,2467723,6565098595,2725.00,2725.00,2610.00,2620.00,-90.0000,6978
1140626,6670,復盛應用,762213,227563450,299.00,302.00,296.00,299.00,2.5000,845
1140626,6671,三能-KY,11215,459765,41.05,41.05,40.90,40.90,0.0000,14
1140626,6672,騰輝電子-KY,361148,27013975,74.90,75.20,74.20,74.70,0.6000,376
1140626,6674,鋐寶科技,94001,2509225,26.95,26.95,26.50,26.75,0.0000,89
1140626,6689,伊雲谷,192254,15567288,80.90,81.70,80.50,80.60,-0.3000,208
1140626,6691,洋基工程,1587144,713903630,461.00,464.50,444.00,444.00,-13.5000,2321
1140626,6695,芯鼎,1452263,64779745,45.25,45.45,44.15,44.55,0.5500,1117
1140626,6698,旭暉應材,242439,7343448,30.40,30.70,29.85,30.50,-0.3000,315
1140626,6706,惠特,826706,53633920,64.70,66.10,63.50,63.60,-0.6000,711
1140626,6715,嘉基,60739,7262099,119.00,121.00,118.50,119.00,2.0000,67
1140626,6719,力智,272676,55800421,206.50,207.50,202.50,202.50,-2.5000,370
1140626,6742,澤米,416727,22595348,54.00,54.80,53.80,54.00,0.3000,334
1140626,6743,安普新,62767,1899992,30.00,30.80,29.60,30.15,0.1000,62
1140626,6753,龍德造船,426169,42349790,98.50,100.50,98.00,99.80,2.0000,443
1140626,6754,匯僑設計,28103,1729741,61.00,62.10,61.00,61.80,0.5000,27
1140626,6756,威鋒電子,40740,4237125,103.50,105.00,103.00,103.00,-0.5000,59
1140626,6757,台灣虎航,2790224,235887557,84.00,85.20,83.40,85.20,1.3000,2592
1140626,6768,志強-KY,1311549,141817642,109.50,110.00,107.00,107.50,-2.0000,1213
1140626,6770,力積電,15114744,236639462,15.50,15.90,15.40,15.40,0.0000,5038
1140626,6771,平和環保-創,33607,1889272,56.00,56.50,55.60,56.50,0.0000,32
1140626,6776,展碁國際,23294,1341201,57.60,57.80,57.40,57.40,-0.2000,29
1140626,6781,AES-KY,2691491,2960697220,1090.00,1115.00,1080.00,1100.00,20.0000,3573
1140626,6782,視陽,100664,18276828,180.00,183.00,180.00,182.00,2.0000,137
1140626,6789,采鈺,3692656,858522284,225.50,239.00,225.50,230.00,6.5000,4303
1140626,6790,永豐實,88143,3739808,42.45,42.70,42.20,42.35,0.0500,88
1140626,6792,詠業,55703,2966888,52.90,53.60,52.50,52.50,-0.2000,40
1140626,6794,向榮生技-創,31011,1936546,63.20,63.60,61.70,62.20,-0.1000,28
1140626,6796,晉弘,10044,828933,82.50,82.60,82.50,82.50,0.0000,12
1140626,6799,來頡,323895,31989076,100.00,100.00,97.50,97.50,-2.0000,414
1140626,6805,富世達,2022906,1659466452,838.00,838.00,806.00,820.00,-11.0000,3396
1140626,6806,森崴能源,612047,50628981,82.60,83.50,82.10,82.50,0.3000,654
1140626,6807,峰源-KY,19141,1379908,72.50,72.50,71.70,72.00,0.4000,25
1140626,6830,汎銓,246104,31326662,129.00,130.00,125.50,126.00,-3.0000,323
1140626,6834,天二科技,163105,5116347,31.70,32.00,31.05,31.05,-0.5500,173
1140626,6835,圓裕,1220163,56322404,46.70,47.45,45.00,47.45,1.0000,848
1140626,6838,台新藥,2979671,114792475,39.35,39.65,37.75,37.90,-1.7000,2074
1140626,6854,錼創科技-KY創,1605356,288716276,178.50,183.50,176.00,181.50,3.0000,1427
1140626,6861,睿生光電,72284,3465575,47.50,48.35,47.50,47.75,1.0000,72
1140626,6862,三集瑞-KY,331751,48235458,144.00,148.00,142.00,145.00,0.5000,325
1140626,6863,永道-KY,225727,35751964,155.50,160.50,155.50,157.50,3.5000,454
1140626,6869,雲豹能源,941283,160136931,171.00,171.50,169.00,169.00,0.0000,1231
1140626,6873,泓德能源,702018,171871741,246.00,247.50,242.50,242.50,-2.5000,902
1140626,6885,全福生技,2477954,86673072,36.00,37.10,33.40,33.60,-2.8000,2108
1140626,6887,寶綠特-KY,22000,1838600,83.80,83.90,83.20,83.90,-0.4000,20
1140626,6890,來億-KY,1899632,558992688,292.00,305.00,288.00,288.00,0.0000,2132
1140626,6901,鑽石投資,837573,17689475,20.80,21.50,20.65,20.85,0.2500,579
1140626,6902,GOGOLOOK,195042,16256610,83.90,85.30,82.20,82.60,-0.3000,180
1140626,6906,現觀科,43027,5722569,131.50,134.00,131.00,134.00,2.5000,69
1140626,6909,創控,1541500,74237156,47.00,49.60,46.70,48.45,0.3000,1089
1140626,6914,阜爾運通,63398,9359357,146.50,148.00,146.50,148.00,1.5000,103
1140626,6916,華凌,94266,1950672,20.40,20.90,20.40,20.70,0.3000,60
1140626,6918,愛派司,264381,26807079,104.00,104.00,100.50,100.50,-3.0000,325
1140626,6919,康霈*,1325759,1650983945,1245.00,1260.00,1220.00,1260.00,35.0000,2284
1140626,6923,中台,98312,7925544,80.70,81.80,80.20,80.20,-0.5000,77
1140626,6924,榮惠-KY創,10002,710345,68.00,73.60,68.00,72.80,0.0000,11
1140626,6928,攸泰科技,27012,1215240,45.00,45.40,44.95,45.00,0.1000,22
1140626,6931,青松健康,110450,5729090,51.50,52.40,51.50,52.40,1.3000,66
1140626,6933,AMAX-KY,81633,10771897,129.00,133.00,129.00,133.00,4.0000,130
1140626,6936,永鴻生技,259514,9929716,37.70,38.50,37.70,38.45,0.5500,208
1140626,6937,天虹,1176340,266016151,226.00,232.00,222.00,223.00,-1.5000,1342
1140626,6944,兆聯實業,623542,279857184,455.00,459.00,443.00,443.00,-10.0000,1638
1140626,6949,沛爾生醫-創,44100,5980200,135.50,137.50,133.00,136.00,0.5000,32
1140626,6951,青新-創,54658,4213388,76.90,77.50,76.70,77.10,0.2000,69
1140626,6952,大武山,16002,769794,48.00,48.45,47.85,48.00,0.0000,16
1140626,6955,邦睿生技-創,5000,949500,189.50,190.00,189.50,190.00,0.5000,5
1140626,6957,裕慶-KY,140828,23722528,165.50,171.50,163.00,169.00,6.5000,192
1140626,6958,日盛台駿,77005,1702857,21.95,22.25,21.80,22.15,0.1500,63
1140626,6962,奕力-KY,3193798,173922004,54.90,55.00,54.00,54.00,-0.5000,2364
1140626,6965,中傑-KY,181835,17072693,92.10,96.50,91.90,96.00,3.9000,183
1140626,6969,成信實業*-創,28000,985350,34.50,35.75,34.50,34.90,0.2500,18
1140626,6988,威力暘-創,7000,125350,17.95,17.95,17.90,17.90,0.4500,7
1140626,6994,富威電力,105016,11995107,113.50,115.00,113.00,115.00,1.5000,170
1140626,7631,聚賢研發-創,64464,7529602,120.50,120.50,115.00,119.50,-1.0000,712
1140626,7705,三商餐飲,26404,1362689,52.00,52.00,51.20,51.50,-0.1000,32
1140626,7722,LINEPAY,1020224,689108751,630.00,693.00,628.00,693.00,63.0000,2498
1140626,7732,金興精密,6000,246000,41.00,41.00,41.00,41.00,0.0000,6
1140626,7736,虎山,21885,2262697,104.50,105.00,102.00,102.00,-2.0000,43
1140626,7740,熙特爾-創,193686,41521006,213.50,217.00,212.00,213.00,0.5000,195
1140626,7749,意騰-KY,744182,518047977,694.00,713.00,685.00,688.00,-10.0000,1933
1140626,8011,台通,329616,6722630,20.25,20.70,20.20,20.20,-0.0500,215
1140626,8016,矽創,690820,144013616,206.50,210.50,206.00,207.00,1.5000,905
1140626,8021,尖點,14609009,608160563,41.60,42.20,41.00,41.65,1.0500,9466
1140626,8028,昇陽半導體,3424974,485383592,142.50,143.50,140.50,141.00,-1.0000,3070
1140626,8033,雷虎,1594160,97062062,61.00,61.40,60.50,60.70,0.1000,1631
1140626,8039,台虹,547509,25273151,46.65,46.65,45.70,45.85,-0.3500,415
1140626,8045,達運光電,74292,5292324,70.50,71.90,70.50,71.00,0.3000,96
1140626,8046,南電,1873698,212286664,112.50,114.50,112.50,113.00,0.5000,1759
1140626,8070,長華*,5909336,233616526,40.00,40.20,39.00,39.25,-0.1500,3449
1140626,8072,陞泰,12863105,651068952,51.20,52.30,49.10,49.15,-2.0500,8088
1140626,8081,致新,871585,207204474,241.00,241.00,236.50,236.50,-2.5000,937
1140626,8101,華冠,4444,73948,16.70,17.25,16.25,16.25,0.3000,16
1140626,8103,瀚荃,240611,11307904,46.85,47.20,46.65,47.20,0.6000,231
1140626,8104,錸寶,1398612,55020514,39.05,40.00,38.85,39.45,0.4000,1197
1140626,8105,凌巨,745247,9395738,12.35,12.75,12.35,12.55,0.2000,362
1140626,8110,華東,5121597,71542293,13.70,14.15,13.70,14.05,0.4500,2003
1140626,8112,至上,23115184,1081038259,48.15,48.70,46.05,46.05,-2.1000,10974
1140626,8112A,至上甲特,17967,763291,42.50,42.60,42.50,42.55,0.2500,22
1140626,8114,振樺電,1352135,401253977,295.00,304.00,292.00,296.00,6.0000,1669
1140626,8131,福懋科,1591853,45900236,28.20,29.35,28.20,28.35,1.0500,1041
1140626,8150,南茂,2495933,70043931,28.00,28.30,27.90,27.90,-0.0500,1517
1140626,8162,微矽電子-創,24000,899000,37.00,38.45,37.00,38.45,1.4500,17
1140626,8163,達方,418357,14398034,34.00,34.80,33.90,34.30,0.3500,438
1140626,8201,無敵,22245,235347,10.50,10.70,10.40,10.55,0.1500,19
1140626,8210,勤誠,4705515,2300698140,501.00,505.00,479.00,480.00,0.0000,5776
1140626,8213,志超,283833,8674675,30.50,30.80,30.45,30.45,-0.0500,211
1140626,8215,明基材,368828,8862087,24.20,24.30,23.70,23.70,-0.4000,261
1140626,8222,寶一,2161860,112588860,52.40,52.80,51.80,51.80,-0.5000,1556
1140626,8249,菱光,3577388,189615761,52.90,54.00,51.90,52.00,-0.7000,2750
1140626,8261,富鼎,216059,18141261,83.50,84.40,83.50,83.70,0.4000,230
1140626,8271,宇瞻,427249,23374737,54.00,55.00,53.80,54.90,0.9000,390
1140626,8341,日友,68652,5012835,72.60,73.30,72.60,73.00,0.9000,163
1140626,8367,建新國際,24294,1147773,47.20,47.45,47.15,47.15,-0.0500,68
1140626,8374,羅昇,3029593,303309515,96.00,102.00,96.00,99.50,4.5000,2753
1140626,8404,百和興業-KY,415292,8387659,20.05,20.45,19.95,20.00,0.0000,302
1140626,8411,福貞-KY,68734,888555,12.90,12.95,12.85,12.85,-0.1500,79
1140626,8422,可寧衛,257751,46567855,179.50,181.50,179.00,180.00,0.5000,338
1140626,8429,金麗-KY,206671,1664167,8.03,8.08,7.93,8.05,0.0200,219
1140626,8438,昶昕,111283,3502648,31.10,31.70,31.05,31.35,0.3000,76
1140626,8442,威宏-KY,196311,16739408,84.40,85.70,84.40,85.50,1.0000,174
1140626,8443,阿瘦,19581,238420,12.20,12.20,12.10,12.20,0.0000,50
1140626,8454,富邦媒,312527,84632943,268.00,272.50,268.00,271.00,3.5000,736
1140626,8462,柏文,58114,7358998,126.50,128.00,126.00,127.00,0.5000,80
1140626,8463,潤泰材,23045,533798,23.05,23.40,22.90,23.05,0.0000,22
1140626,8464,億豐,604210,242886164,405.00,407.00,400.00,403.00,2.0000,687
1140626,8466,美吉吉-KY,36303,969564,26.95,27.00,26.50,26.70,0.0500,49
1140626,8467,波力-KY,192876,33931215,170.50,180.00,170.50,173.50,4.5000,196
1140626,8473,山林水,174747,5598393,31.90,32.30,31.65,32.15,0.4500,178
1140626,8476,台境*,75409,1625518,21.45,21.75,21.45,21.45,0.0500,64
1140626,8478,東哥遊艇,3293610,579431239,170.00,182.50,167.00,182.50,16.5000,3547
1140626,8481,政伸,11000,508250,46.00,46.45,45.95,46.45,0.6000,10
1140626,8482,商億-KY,141691,8778313,59.00,64.60,59.00,62.40,3.5000,207
1140626,8487,愛爾達-創,37612,2925784,78.50,78.50,77.50,77.70,0.7000,62
1140626,8488,吉源-KY,10028,115718,11.40,11.75,11.40,11.55,0.1500,13
1140626,8499,鼎炫-KY,154295,24553263,153.00,163.00,153.00,158.00,5.0000,179
1140626,8926,台汽電,1527296,69596759,45.60,46.25,45.25,45.40,-0.2000,1278
1140626,8940,新天地,34309,715169,21.00,21.05,20.50,20.65,-0.2000,43
1140626,8996,高力,1708825,451880181,269.50,270.00,261.00,261.00,-6.5000,2236
1140626,9103,美德醫療-DR,391500,2003419,5.14,5.15,5.07,5.09,0.0400,159
1140626,910322,康師傅-DR,30187,650239,21.55,21.55,21.50,21.50,0.0000,18
1140626,9105,泰金寶-DR,7992207,50095691,6.27,6.33,6.21,6.21,-0.0100,1766
1140626,910861,神州-DR,36063,215237,5.95,6.01,5.91,5.93,-0.0100,19
1140626,9110,越南控-DR,1000,6070,6.07,6.07,6.07,6.07,0.0000,1
1140626,911608,明輝-DR,,,,,,,0.0000,
1140626,911622,泰聚亨-DR,6225,25094,4.01,4.10,4.01,4.10,0.0000,5
1140626,911868,同方友友-DR,116001,142621,1.23,1.24,1.22,1.24,0.0100,36
1140626,912000,晨訊科-DR,710617,1853090,2.65,2.67,2.57,2.59,0.0100,257
1140626,9136,巨騰-DR,348005,2056757,5.94,5.96,5.86,5.86,0.0200,112
1140626,9802,鈺齊-KY,858224,92457290,108.00,109.50,106.50,107.50,-0.5000,694
1140626,9902,台火,2633274,49440692,18.10,19.45,18.10,18.50,0.5000,1623
1140626,9904,寶成,32907546,998560833,30.00,30.65,29.85,30.65,0.5500,11623
1140626,9905,大華,97890,2243916,23.00,23.00,22.85,22.95,-0.0500,82
1140626,9906,欣巴巴,169912,13153573,75.40,78.50,75.40,77.50,2.1000,202
1140626,9907,統一實,3245241,63403706,19.35,19.70,19.30,19.50,0.2500,1402
1140626,9908,大台北,88414,2759627,31.20,31.30,31.05,31.30,0.1000,81
1140626,9910,豐泰,1950562,224885461,115.00,118.00,113.00,114.50,-3.0000,1757
1140626,9911,櫻花,204408,17530341,85.50,86.00,85.50,85.80,0.7000,277
1140626,9912,偉聯,19824,237794,11.90,12.05,11.90,12.05,0.1000,44
1140626,9914,美利達,1436754,148753211,103.50,104.50,102.50,103.50,1.0000,1243
1140626,9917,中保科,1202219,136341188,113.50,115.00,112.50,113.00,0.0000,1172
1140626,9918,欣天然,17083,688210,39.85,40.45,39.85,40.10,0.2500,29
1140626,9919,康那香,531096,9329288,17.50,17.70,17.30,17.65,0.3000,296
1140626,9921,巨大,668831,72230249,107.00,109.00,106.50,108.00,2.5000,830
1140626,9924,福興,153447,7193480,46.50,47.40,46.50,46.70,0.2500,128
1140626,9925,新保,136813,5681457,41.50,41.65,41.40,41.50,0.2000,138
1140626,9926,新海,16140,837288,51.90,52.20,51.60,51.70,0.0000,21
1140626,9927,泰銘,104209,7271880,69.60,70.00,69.40,69.60,-0.1000,391
1140626,9928,中視,31340,505270,16.05,16.20,16.05,16.10,0.0000,34
1140626,9929,秋雨,13244,190653,14.35,14.45,14.35,14.45,0.6500,10
1140626,9930,中聯資源,139884,10550334,74.80,76.00,74.80,75.60,0.8000,134
1140626,9931,欣高,18092,618796,34.20,34.25,34.15,34.15,0.0000,37
1140626,9933,中鼎,2582593,68613919,26.20,26.75,26.20,26.50,0.3500,1333
1140626,9934,成霖,585174,5866122,9.93,10.15,9.89,10.00,0.1300,272
1140626,9935,慶豐富,602228,14430589,23.65,24.20,23.65,24.05,0.3000,419
1140626,9937,全國,1223413,79430402,63.00,66.70,62.90,63.80,0.7000,97
1140626,9938,百和,1459632,79630184,54.10,55.20,54.00,54.60,0.6000,1072
1140626,9939,宏全,1598009,255118507,160.50,161.00,158.00,160.00,-1.0000,3251
1140626,9940,信義,389593,9927928,25.15,25.70,25.15,25.45,0.3000,345
1140626,9941,裕融,1193867,120070174,99.20,101.50,99.20,100.50,1.2000,1161
1140626,9941A,裕融甲特,47582,2431682,51.10,51.20,51.10,51.10,0.0000,16
1140626,9942,茂順,25293,2892462,114.00,115.00,113.00,115.00,1.0000,33
1140626,9943,好樂迪,54168,4209404,77.00,78.10,77.00,77.80,0.9000,87
1140626,9944,新麗,16539,279276,16.40,17.10,16.40,17.10,0.2500,35
1140626,9945,潤泰新,5045059,153369928,30.25,30.70,30.00,30.30,0.2000,3058
1140626,9946,三發地產,213620,4367424,20.65,20.65,20.30,20.50,0.2500,157
1140626,9955,佳龍,618941,17887720,29.30,29.30,28.70,28.90,0.0000,601
1140626,9958,世紀鋼,4945874,1169644704,235.00,239.00,233.50,237.00,2.0000,3480
